case,family,background,source_id,direction,method,smc_survived,found_cf,terminal_tv,ess_fraction,normalizer_relative_estimate,unique_cf,seconds,best_base_edit_regret,endpoint_mean_meets_gain,endpoint_all_replicates_positive,endpoint_all_replicates_meet_gain,endpoint_base_edits
04bba97e3eacc771,"CEBPA,REST,RXRA",1,seq_129441,1,reference,1.0,1.0,2.0816681711721685e-17,0.25700162920627817,1.0084927106758101,1.0,0.00028076637504170776,0.0,1.0,1.0,0.0,24.0
04bba97e3eacc771,"CEBPA,REST,RXRA",1,seq_129441,1,myopic,1.0,1.0,2.42861286636753e-17,0.23821273727393089,0.7676494780289458,1.0,0.00028520100001117044,0.0,1.0,1.0,0.0,24.0
04bba97e3eacc771,"CEBPA,REST,RXRA",1,seq_129441,1,rollout,1.0,1.0,8.673617379884035e-17,0.8222038926995818,0.4613194233992866,1.0,0.0005310493124852655,0.0,1.0,1.0,0.0,24.0
04bba97e3eacc771,"CEBPA,REST,RXRA",1,seq_129441,1,learned,1.0,1.0,5.551115123125783e-17,0.736429035808323,0.9983808678266396,1.0,0.0020000426249993097,0.0,1.0,1.0,0.0,24.0
04bba97e3eacc771,"CEBPA,REST,RXRA",1,seq_129441,1,exact,1.0,1.0,0.0,1.0,0.9999999999999998,1.0,0.0003067253749975407,0.0,1.0,1.0,0.0,24.0
04bba97e3eacc771,"CEBPA,REST,RXRA",1,seq_129441,1,defensive_rollout,1.0,1.0,2.7755575615628914e-17,0.38344233105054315,0.9838339085166886,1.0,0.0005314741875253048,0.0,1.0,1.0,0.0,24.0
067037ea532fbcdb,"FOXA1,ONECUT1,PPARA",1,seq_183713,-1,reference,1.0,1.0,0.17499332818274294,0.4468100133803433,1.032692507015203,3.0,0.0002563896875216187,0.0,1.0,0.49768563919495473,0.0,22.33719039659826
067037ea532fbcdb,"FOXA1,ONECUT1,PPARA",1,seq_183713,-1,myopic,1.0,1.0,0.2922573097972492,0.3397676249205929,1.0646118783577405,2.5,0.00025394800000810847,0.0,1.0,0.6107993014381252,0.0,22.45919267767196
067037ea532fbcdb,"FOXA1,ONECUT1,PPARA",1,seq_183713,-1,rollout,1.0,1.0,0.14380729700805664,0.7384053403849995,0.747070959925033,2.9375,0.0005101609999940138,0.0,1.0,0.5564622987675952,0.0,22.37807324223312
067037ea532fbcdb,"FOXA1,ONECUT1,PPARA",1,seq_183713,-1,learned,1.0,1.0,0.12669531745187088,0.8072162423057385,1.0229721110522374,3.0,0.0023183106250570518,0.0,1.0,0.5147871981604157,0.0,22.48740291973403
067037ea532fbcdb,"FOXA1,ONECUT1,PPARA",1,seq_183713,-1,exact,1.0,1.0,0.09832365147230693,1.0,1.0,2.9375,0.000271149562522055,0.0,1.0,0.5859375,0.0,22.8359375
067037ea532fbcdb,"FOXA1,ONECUT1,PPARA",1,seq_183713,-1,defensive_rollout,1.0,1.0,0.18151612741023612,0.6362580805847982,0.9319849639708359,2.875,0.000644550625011675,0.0,1.0,0.5478649017252727,0.0,22.50392139768545
06ad376329652954,"FOXA1,ONECUT1,ONECUT1",1,seq_123585,1,reference,1.0,1.0,0.16643791660936247,0.46534036775537607,0.9982116094256757,2.875,0.0002489059375108127,0.0,1.0,1.0,0.6400629139139574,21.32467518323122
06ad376329652954,"FOXA1,ONECUT1,ONECUT1",1,seq_123585,1,myopic,1.0,1.0,0.24505237673033733,0.31121870046136985,0.9956329840250819,2.6875,0.00027879031247834973,0.0,1.0,1.0,0.7062477999478716,21.383708228251976
06ad376329652954,"FOXA1,ONECUT1,ONECUT1",1,seq_123585,1,rollout,1.0,1.0,0.1575472836056932,0.7432421697195717,0.8153337568972311,2.9375,0.000492306125011055,0.0,1.0,1.0,0.631125233354543,21.49302912415694
06ad376329652954,"FOXA1,ONECUT1,ONECUT1",1,seq_123585,1,learned,1.0,1.0,0.17223157468896888,0.7901185490494875,0.9124483855650622,3.0,0.0023973238750159,0.0,1.0,1.0,0.5712102260093862,21.577633507573783
06ad376329652954,"FOXA1,ONECUT1,ONECUT1",1,seq_123585,1,exact,1.0,1.0,0.12535645910994936,1.0,0.9999999999999998,3.0,0.0002678007499667956,0.0,1.0,1.0,0.58203125,21.578125
06ad376329652954,"FOXA1,ONECUT1,ONECUT1",1,seq_123585,1,defensive_rollout,1.0,1.0,0.16548740167349021,0.6940805545578688,1.023165078133432,2.9375,0.0005039165624936004,0.0,1.0,1.0,0.5295661621249016,21.46339024458451
0ae0e84cef990cde,"AHR,REST,SP1",1,seq_179737,-1,reference,1.0,1.0,0.08837640447237946,0.39751014957713926,0.9527088277238724,2.0,0.00024282325003355254,0.0,0.09945708767939153,1.0,0.0,9.292942139832089
0ae0e84cef990cde,"AHR,REST,SP1",1,seq_179737,-1,myopic,1.0,1.0,0.12547501845340786,0.6967471929145431,1.1237045552146219,2.0,0.00024989175003042874,0.0,0.1656207603534557,1.0,0.0,10.153069884594924
0ae0e84cef990cde,"AHR,REST,SP1",1,seq_179737,-1,rollout,1.0,1.0,0.09078210703473458,0.7118600434588156,0.9287165156557214,2.0,0.000506419124960189,0.0,0.16629238890348585,1.0,0.0,10.161801055745315
0ae0e84cef990cde,"AHR,REST,SP1",1,seq_179737,-1,learned,1.0,1.0,0.0825296270170642,0.8607351935442262,1.048646623842516,2.0,0.0023300079374592997,0.0,0.14373861365668705,1.0,0.0,9.868601977536933
0ae0e84cef990cde,"AHR,REST,SP1",1,seq_179737,-1,exact,1.0,1.0,0.07944954923761875,1.0,0.9999999999999998,1.9375,0.0002781123125146223,0.0,0.125,1.0,0.0,9.625
0ae0e84cef990cde,"AHR,REST,SP1",1,seq_179737,-1,defensive_rollout,1.0,1.0,0.07953166226695871,0.7498890646426508,0.9714691209334027,2.0,0.000496070062496301,0.0,0.1586153325397695,1.0,0.0,10.061999323017004
0aebd2aedc38f3a0,"PPARA,SP1,TFAP2C",1,seq_187745,1,reference,1.0,1.0,0.10880533716260016,0.42101362989981006,0.9818359880273766,2.0,0.0002481923124975083,0.0,1.0,1.0,0.0,9.477623256556178
0aebd2aedc38f3a0,"PPARA,SP1,TFAP2C",1,seq_187745,1,myopic,1.0,1.0,0.0902923716313497,0.5255151401328491,0.9177020365904753,2.0,0.0002768779999939852,0.0,1.0,1.0,0.0,9.398250253137657
0aebd2aedc38f3a0,"PPARA,SP1,TFAP2C",1,seq_187745,1,rollout,1.0,1.0,0.09290096918630407,0.7127527753134094,0.8297773160626394,2.0,0.0005013810000349395,0.0,1.0,1.0,0.0,9.278725663664225
0aebd2aedc38f3a0,"PPARA,SP1,TFAP2C",1,seq_187745,1,learned,1.0,1.0,0.1158836562339964,0.8987318702363638,0.9634430051504534,2.0,0.0022147298125219095,0.0,1.0,1.0,0.0,9.154865563417829
0aebd2aedc38f3a0,"PPARA,SP1,TFAP2C",1,seq_187745,1,exact,1.0,1.0,0.11336567457754737,1.0,0.9999999999999998,2.0,0.00032209106247194086,0.0,1.0,1.0,0.0,9.1875
0aebd2aedc38f3a0,"PPARA,SP1,TFAP2C",1,seq_187745,1,defensive_rollout,1.0,1.0,0.09387778113369659,0.7842579215912677,1.0734410448950014,2.0,0.0005268367499553506,0.0,1.0,1.0,0.0,9.313799752762343
0bb818d9aabfa0b5,"AP1,RXRA,YY1",1,seq_157331,1,reference,1.0,1.0,0.16632199054670394,0.4491859913059509,0.9946724461277506,2.9375,0.00023929912495646022,0.0,0.0,0.10841423747569393,0.0,11.973257841339583
0bb818d9aabfa0b5,"AP1,RXRA,YY1",1,seq_157331,1,myopic,1.0,1.0,0.15701029710222247,0.5606124760368508,0.9795819824278498,2.9375,0.00024151874998779022,0.0,0.0,0.10978872381462193,0.0,11.132384541772907
0bb818d9aabfa0b5,"AP1,RXRA,YY1",1,seq_157331,1,rollout,1.0,1.0,0.13064499262232926,0.7619551998335939,0.8761619601241692,2.8125,0.0005507266250077691,0.0,0.0,0.08567606737937278,0.0,11.246152224640383
0bb818d9aabfa0b5,"AP1,RXRA,YY1",1,seq_157331,1,learned,1.0,1.0,0.11787651122641594,0.8610774062742437,1.0767315899249903,3.0,0.002795179875036524,0.0,0.0,0.1074655970342135,0.0,11.886352108280096
0bb818d9aabfa0b5,"AP1,RXRA,YY1",1,seq_157331,1,exact,1.0,1.0,0.10546875,1.0,0.9999999999999998,3.0,0.00025116931250579455,0.0,0.0,0.1015625,0.0,11.8359375
0bb818d9aabfa0b5,"AP1,RXRA,YY1",1,seq_157331,1,defensive_rollout,1.0,1.0,0.1967519404019844,0.7156122038434831,1.0347260149986224,2.75,0.0005182953750164643,0.0,0.0,0.10813816514961734,0.0,11.96846074459599
0bd0b983194ccd12,"FOXA1,GABPA,ONECUT1",1,seq_142209,1,reference,1.0,1.0,0.13051486091799192,0.30439958559650315,1.1438693479302027,2.0,0.00029248975002360567,0.0,1.0,1.0,0.17332774176100135,22.039966450566013
0bd0b983194ccd12,"FOXA1,GABPA,ONECUT1",1,seq_142209,1,myopic,1.0,1.0,0.19963395217261184,0.23388235366144672,1.2335658503660174,1.8125,0.0002493973124302329,0.0,1.0,1.0,0.23530310795824946,22.411818647749495
0bd0b983194ccd12,"FOXA1,GABPA,ONECUT1",1,seq_142209,1,rollout,1.0,1.0,0.1100150891237455,0.7040709757792383,0.7028765001767597,2.0,0.0004869783750223178,0.0,1.0,1.0,0.24330880232285987,22.45985281393716
0bd0b983194ccd12,"FOXA1,GABPA,ONECUT1",1,seq_142209,1,learned,1.0,1.0,0.11535792779676127,0.9058103272929049,0.9979716714221022,1.9375,0.002299679937479482,0.0,1.0,1.0,0.25683029889685005,22.5409817933811
0bd0b983194ccd12,"FOXA1,GABPA,ONECUT1",1,seq_142209,1,exact,1.0,1.0,0.07136038537622394,1.0,1.0000000000000002,2.0,0.00026354650002247126,0.0,1.0,1.0,0.2734375,22.640625
0bd0b983194ccd12,"FOXA1,GABPA,ONECUT1",1,seq_142209,1,defensive_rollout,1.0,1.0,0.15796568148143553,0.4815134105225785,1.051090892292643,2.0,0.0005164412499425453,0.0,1.0,1.0,0.2529370938212593,22.517622562927556
0c631ee9b77c485f,"ONECUT1,ONECUT1,TFAP2C",1,seq_146113,-1,reference,1.0,1.0,4.5102810375396984e-17,0.2691479564300504,1.2216648877814742,1.0,0.00023758231255044393,0.0,1.0,1.0,1.0,24.0
0c631ee9b77c485f,"ONECUT1,ONECUT1,TFAP2C",1,seq_146113,-1,myopic,1.0,1.0,1.3877787807814457e-17,0.20858766920287602,1.604047747428838,1.0,0.00024126912501287734,0.0,1.0,1.0,1.0,24.0
0c631ee9b77c485f,"ONECUT1,ONECUT1,TFAP2C",1,seq_146113,-1,rollout,1.0,1.0,4.163336342344337e-17,0.7723885739064911,0.2766460040530714,1.0,0.0004961581250171321,0.0,1.0,1.0,1.0,24.0
0c631ee9b77c485f,"ONECUT1,ONECUT1,TFAP2C",1,seq_146113,-1,learned,1.0,1.0,4.85722573273506e-17,0.6890324487570771,1.0179619279107657,1.0,0.0022901057500064326,0.0,1.0,1.0,1.0,24.0
0c631ee9b77c485f,"ONECUT1,ONECUT1,TFAP2C",1,seq_146113,-1,exact,1.0,1.0,0.0,1.0,1.0000000000000002,1.0,0.000296235249976462,0.0,1.0,1.0,1.0,24.0
0c631ee9b77c485f,"ONECUT1,ONECUT1,TFAP2C",1,seq_146113,-1,defensive_rollout,1.0,1.0,1.0408340855860843e-17,0.2569927870546568,0.932298367043004,1.0,0.0005169626875556332,0.0,1.0,1.0,1.0,24.0
14f23345986e0e39,"FOXA1,FOXA1,NR2F2",1,seq_122533,-1,reference,1.0,1.0,0.22813334817274877,0.43250532002772846,1.0255650478412783,2.9375,0.0002644333124806053,0.0,1.0,1.0,1.0,28.63174780813776
14f23345986e0e39,"FOXA1,FOXA1,NR2F2",1,seq_122533,-1,myopic,1.0,1.0,0.23798878807074872,0.31017535709773886,0.825918879036308,2.6875,0.00025497493747650424,0.0,1.0,1.0,1.0,29.33255746724658
14f23345986e0e39,"FOXA1,FOXA1,NR2F2",1,seq_122533,-1,rollout,1.0,1.0,0.1954471103174926,0.7583814966375119,0.8350159958847866,2.875,0.0005296811249877464,0.0,1.0,1.0,1.0,29.46126444056989
14f23345986e0e39,"FOXA1,FOXA1,NR2F2",1,seq_122533,-1,learned,1.0,1.0,0.17628882514918026,0.8883897478979901,1.047387937158906,3.0,0.002532696125030043,0.0,1.0,1.0,1.0,28.954012108140677
14f23345986e0e39,"FOXA1,FOXA1,NR2F2",1,seq_122533,-1,exact,1.0,1.0,0.125,1.0,0.9999999999999994,3.0,0.0003228728124895497,0.0,1.0,1.0,1.0,28.9453125
14f23345986e0e39,"FOXA1,FOXA1,NR2F2",1,seq_122533,-1,defensive_rollout,1.0,1.0,0.12836644534369246,0.6018641450495167,1.1310566645286526,2.9375,0.0005173363124981734,0.0,1.0,1.0,1.0,29.15886165868809
168f5fa65e4874f8,"AP1,AP1,PPARA",1,seq_185117,-1,reference,1.0,1.0,0.20527807960502883,0.43389644968281627,0.9328013333568294,3.0,0.0002385031874609922,0.0,1.0,1.0,0.7171050611432821,11.629884876403285
168f5fa65e4874f8,"AP1,AP1,PPARA",1,seq_185117,-1,myopic,1.0,1.0,0.1355619537570253,0.6158864650089082,1.014494986983574,3.0,0.0004256576249730415,0.0,1.0,1.0,0.7172093711010932,11.526233523260588
168f5fa65e4874f8,"AP1,AP1,PPARA",1,seq_185117,-1,rollout,1.0,1.0,0.15673405866666412,0.7696293923087725,0.8787852081214504,3.0,0.000511681874982628,0.0,1.0,1.0,0.6970499433682057,11.58982333829129
168f5fa65e4874f8,"AP1,AP1,PPARA",1,seq_185117,-1,learned,1.0,1.0,0.12344910682409463,0.9005459675727494,1.010481544939347,3.0,0.0023270353749751393,0.0,1.0,1.0,0.7503555073475812,11.574732910228274
168f5fa65e4874f8,"AP1,AP1,PPARA",1,seq_185117,-1,exact,1.0,1.0,0.15848908130300352,0.9999999999999999,1.0000000000000002,3.0,0.00032956593751976015,0.0,1.0,1.0,0.76953125,11.52734375
168f5fa65e4874f8,"AP1,AP1,PPARA",1,seq_185117,-1,defensive_rollout,1.0,1.0,0.15499782421196734,0.7932082694023942,0.983596008246451,3.0,0.0005260969374631941,0.0,1.0,1.0,0.7912684577880547,11.474805188776251
170ad93c4b76a5fc,"CEBPA,CTCF,SP1",1,seq_137629,-1,reference,1.0,1.0,0.17738848449512545,0.491640935317342,0.9508676397677194,4.0,0.00024866181246352426,0.0,0.963156153999793,1.0,0.20395889787827856,11.706794647731122
170ad93c4b76a5fc,"CEBPA,CTCF,SP1",1,seq_137629,-1,myopic,1.0,1.0,0.18434238682488274,0.6821584643826702,0.9474512252280602,3.4375,0.00024129593749933065,0.0,0.9569864100188848,1.0,0.13157142820091386,11.4939668575172
170ad93c4b76a5fc,"CEBPA,CTCF,SP1",1,seq_137629,-1,rollout,1.0,1.0,0.13736257233010618,0.7997211637368541,0.9402423825521153,3.5625,0.0005103342499950259,0.0,0.9729131154252928,1.0,0.16937959396851582,11.351966220978028
170ad93c4b76a5fc,"CEBPA,CTCF,SP1",1,seq_137629,-1,learned,1.0,1.0,0.14923130183198374,0.9308654665289657,1.0067292170625857,3.625,0.002447387812523516,0.0,0.9537468569127071,1.0,0.13555096953322585,11.587717468187424
170ad93c4b76a5fc,"CEBPA,CTCF,SP1",1,seq_137629,-1,exact,1.0,1.0,0.15873609082636891,0.9999999999999998,0.9999999999999996,3.625,0.0004227820000153315,0.0,0.96484375,1.0,0.140625,11.55078125
170ad93c4b76a5fc,"CEBPA,CTCF,SP1",1,seq_137629,-1,defensive_rollout,1.0,1.0,0.15935485021508372,0.8412487468768237,1.0115929073789283,3.875,0.0009289563750343177,0.0,0.9630416791949511,1.0,0.20235830563932242,12.163103573522523
17516d517bbe79f1,"GABPA,HNF4A,REST",1,seq_182623,1,reference,1.0,1.0,0.17053732410898903,0.40473547944248456,0.9683463417828394,2.0,0.00044589893751378895,0.0,0.800429059985397,0.800429059985397,0.0,10.197425640087616
17516d517bbe79f1,"GABPA,HNF4A,REST",1,seq_182623,1,myopic,1.0,1.0,0.1289979631426959,0.7271773733223525,0.9030846322473223,2.0,0.00045957712502797676,0.0,0.7460238159534027,0.7460238159534027,0.0,10.523857104279585
17516d517bbe79f1,"GABPA,HNF4A,REST",1,seq_182623,1,rollout,1.0,1.0,0.09199889302958247,0.7057516207011993,0.9145907320442666,2.0,0.0008868652499813834,0.0,0.6896657580491131,0.6896657580491131,0.0,10.862005451705322
17516d517bbe79f1,"GABPA,HNF4A,REST",1,seq_182623,1,learned,1.0,1.0,0.08800113829177385,0.9516611905499216,0.9736874071828434,2.0,0.003126963312510611,0.0,0.6784459295746157,0.6784459295746157,0.0,10.929324422552305
17516d517bbe79f1,"GABPA,HNF4A,REST",1,seq_182623,1,exact,1.0,1.0,0.14453125,1.0,0.9999999999999999,2.0,0.0002971641874864872,0.0,0.75390625,0.75390625,0.0,10.4765625
17516d517bbe79f1,"GABPA,HNF4A,REST",1,seq_182623,1,defensive_rollout,1.0,1.0,0.08261647412113134,0.7112182876468636,1.0341810401957736,2.0,0.000514344499976005,0.0,0.6559980524867791,0.6559980524867791,0.0,11.064011685079326
18ac2c202d132687,"AHR,CEBPA,PPARA",1,seq_130149,1,reference,1.0,1.0,4.163336342344337e-17,0.30790446559115714,0.9431331705122803,1.0,0.0002582973124702903,0.0,0.0,1.0,0.0,20.0
18ac2c202d132687,"AHR,CEBPA,PPARA",1,seq_130149,1,myopic,1.0,1.0,4.85722573273506e-17,0.21774527806486665,0.9985085238720752,1.0,0.00024315999998236748,0.0,0.0,1.0,0.0,20.0
18ac2c202d132687,"AHR,CEBPA,PPARA",1,seq_130149,1,rollout,1.0,1.0,4.85722573273506e-17,0.7236307771647573,0.61580354950778,1.0,0.000517405250022307,0.0,0.0,1.0,0.0,20.0
18ac2c202d132687,"AHR,CEBPA,PPARA",1,seq_130149,1,learned,1.0,1.0,4.163336342344337e-17,0.7916716996247752,1.0411515925159012,1.0,0.002260572687532658,0.0,0.0,1.0,0.0,20.0
18ac2c202d132687,"AHR,CEBPA,PPARA",1,seq_130149,1,exact,1.0,1.0,0.0,0.9999999999999998,1.0000000000000002,1.0,0.0002626431249836969,0.0,0.0,1.0,0.0,20.0
18ac2c202d132687,"AHR,CEBPA,PPARA",1,seq_130149,1,defensive_rollout,1.0,1.0,2.7755575615628914e-17,0.4046404170351626,0.9072179432265748,1.0,0.00048529975003930304,0.0,0.0,1.0,0.0,20.0
19b2a4b1dd314e69,"RXRA,SP1,YY1",1,seq_157305,-1,reference,1.0,1.0,0.1335209944485749,0.317603836320941,1.0196337339251602,1.9375,0.0002488508749962648,0.0,1.0,1.0,1.0,18.952923346318677
19b2a4b1dd314e69,"RXRA,SP1,YY1",1,seq_157305,-1,myopic,1.0,1.0,0.15601917927597192,0.36122926030123576,0.901320257712644,1.625,0.0003275283749673008,0.0,1.0,1.0,1.0,18.571923449186286
19b2a4b1dd314e69,"RXRA,SP1,YY1",1,seq_157305,-1,rollout,1.0,1.0,0.07429784472515488,0.7511119198721841,0.627860642906036,1.9375,0.0005580624375056686,0.0,1.0,1.0,1.0,18.638434888472304
19b2a4b1dd314e69,"RXRA,SP1,YY1",1,seq_157305,-1,learned,1.0,1.0,0.09085961841970586,0.9164477368259453,1.0147452293480457,2.0,0.002364507750016287,0.0,1.0,1.0,1.0,18.654547351985915
19b2a4b1dd314e69,"RXRA,SP1,YY1",1,seq_157305,-1,exact,1.0,1.0,0.09854593486487284,0.9999999999999998,0.9999999999999999,1.9375,0.00027922275000946684,0.0,1.0,1.0,1.0,18.484375
19b2a4b1dd314e69,"RXRA,SP1,YY1",1,seq_157305,-1,defensive_rollout,1.0,1.0,0.07101758668299121,0.5541803480086493,0.9725103928377242,2.0,0.000524173374984116,0.0,1.0,1.0,1.0,18.75206022522961
1bc104a4872a336e,"AP1,YY1,YY1",1,seq_147487,-1,reference,1.0,1.0,2.7755575615628914e-17,0.2948407167452983,0.9376092977547359,1.0,0.00025695293747673986,0.0,0.0,0.0,0.0,11.0
1bc104a4872a336e,"AP1,YY1,YY1",1,seq_147487,-1,myopic,1.0,1.0,3.8163916471489756e-17,0.35621023178929934,1.0758957098164752,1.0,0.0002465801249655897,0.0,0.0,0.0,0.0,11.0
1bc104a4872a336e,"AP1,YY1,YY1",1,seq_147487,-1,rollout,1.0,1.0,6.938893903907228e-17,0.720917748991609,0.5286577826057048,1.0,0.00048613968753841164,0.0,0.0,0.0,0.0,11.0
1bc104a4872a336e,"AP1,YY1,YY1",1,seq_147487,-1,learned,1.0,1.0,4.85722573273506e-17,0.7425745816646491,1.0433592762580903,1.0,0.0024594683749654678,0.0,0.0,0.0,0.0,11.0
1bc104a4872a336e,"AP1,YY1,YY1",1,seq_147487,-1,exact,1.0,1.0,0.0,1.0,0.9999999999999998,1.0,0.0002503463749974344,0.0,0.0,0.0,0.0,11.0
1bc104a4872a336e,"AP1,YY1,YY1",1,seq_147487,-1,defensive_rollout,1.0,1.0,2.7755575615628914e-17,0.5102549290973994,0.9427412511187804,1.0,0.000597009875036747,0.0,0.0,0.0,0.0,11.0
1e50fb4632cf10df,"CEBPA,SP1,TFAP2C",1,seq_137601,-1,reference,1.0,1.0,3.469446951953614e-17,0.25501794259348964,0.9583270871163128,1.0,0.00030778862499403203,0.0,1.0,1.0,1.0,17.0
1e50fb4632cf10df,"CEBPA,SP1,TFAP2C",1,seq_137601,-1,myopic,1.0,1.0,2.7755575615628914e-17,0.2564183854511147,1.0417707809473604,1.0,0.00026378237497226564,0.0,1.0,1.0,1.0,17.0
1e50fb4632cf10df,"CEBPA,SP1,TFAP2C",1,seq_137601,-1,rollout,1.0,1.0,5.551115123125783e-17,0.651422516194422,0.566832566718086,1.0,0.0005299990000082744,0.0,1.0,1.0,1.0,17.0
1e50fb4632cf10df,"CEBPA,SP1,TFAP2C",1,seq_137601,-1,learned,1.0,1.0,4.163336342344337e-17,0.8484891455805281,0.8797393750384161,1.0,0.002168535250021364,0.0,1.0,1.0,1.0,17.0
1e50fb4632cf10df,"CEBPA,SP1,TFAP2C",1,seq_137601,-1,exact,1.0,1.0,1.0408340855860843e-17,1.0,1.0000000000000004,1.0,0.00025595937503908317,0.0,1.0,1.0,1.0,17.0
1e50fb4632cf10df,"CEBPA,SP1,TFAP2C",1,seq_137601,-1,defensive_rollout,1.0,1.0,2.0816681711721685e-17,0.3921819605394996,0.9440072286076857,1.0,0.0005184933125264024,0.0,1.0,1.0,1.0,17.0
224669bf77379a5e,"CEBPA,RXRA,SP1",1,seq_128247,-1,reference,1.0,1.0,0.10738119566398929,0.3342180151024917,1.0268180523940487,2.0,0.00023680937498227195,0.0,0.0,0.0,0.0,18.666867525906184
224669bf77379a5e,"CEBPA,RXRA,SP1",1,seq_128247,-1,myopic,1.0,1.0,0.1526012569173128,0.27333062326303786,0.8641942034819707,1.625,0.00024120462501286966,0.0,0.0,0.0,0.0,18.009027436469754
224669bf77379a5e,"CEBPA,RXRA,SP1",1,seq_128247,-1,rollout,1.0,1.0,0.08618878977721864,0.7562738241133737,0.6543338946863568,2.0,0.0009435955000185459,0.0,0.0,0.0,0.0,18.61031248312306
224669bf77379a5e,"CEBPA,RXRA,SP1",1,seq_128247,-1,learned,1.0,1.0,0.0875111606485198,0.7373868838111821,0.9807146578598841,2.0,0.0030417797500206234,0.0,0.0,0.0,0.0,19.02009206108699
224669bf77379a5e,"CEBPA,RXRA,SP1",1,seq_128247,-1,exact,1.0,1.0,0.0689611166643905,1.0,1.0000000000000002,2.0,0.0002624523124836742,0.0,0.0,0.0,0.0,18.96875
224669bf77379a5e,"CEBPA,RXRA,SP1",1,seq_128247,-1,defensive_rollout,1.0,1.0,0.09688847612003035,0.519562283102642,1.037131919235198,2.0,0.0005059020624997856,0.0,0.0,0.0,0.0,18.378874349522075
22797165288cdc12,"ONECUT1,PPARA,TFAP2C",1,seq_197007,1,reference,1.0,1.0,0.16549302833226914,0.4376365609452355,0.8934891434520188,3.9375,0.00023782268748107072,0.0,0.4424110871307394,1.0,0.2925202114582711,13.957342536779874
22797165288cdc12,"ONECUT1,PPARA,TFAP2C",1,seq_197007,1,myopic,1.0,1.0,0.2106812849355115,0.4802499928591162,0.848792189685268,3.875,0.0002838933124706955,0.0,0.42674955470099274,1.0,0.32454165734225615,14.105910021717104
22797165288cdc12,"ONECUT1,PPARA,TFAP2C",1,seq_197007,1,rollout,1.0,1.0,0.177660545586387,0.7840844851011206,0.9494466903977622,3.875,0.0005137149374832006,0.0,0.4455942282569678,1.0,0.3036984250440498,13.98328877273309
22797165288cdc12,"ONECUT1,PPARA,TFAP2C",1,seq_197007,1,learned,1.0,1.0,0.13414698875346856,0.9362318851836733,0.9930564438251293,3.625,0.0034639109374836607,0.0,0.41445389785522746,1.0,0.3001811060640379,13.75621650027235
22797165288cdc12,"ONECUT1,PPARA,TFAP2C",1,seq_197007,1,exact,1.0,1.0,0.11290594527395106,0.9999999999999999,0.9999999999999999,3.875,0.00046965406252752473,0.0,0.45703125,1.0,0.32421875,14.328125
22797165288cdc12,"ONECUT1,PPARA,TFAP2C",1,seq_197007,1,defensive_rollout,1.0,1.0,0.16187055693604874,0.7641623376864058,1.0074796717386716,3.8125,0.000898157750029327,0.0,0.4412688031708887,1.0,0.2850642297647157,14.34579215772411
23aec43b15dd512b,"AP1,YY1,YY1",1,seq_132839,-1,reference,1.0,1.0,0.17106781302193078,0.3801461317322362,0.9702353138526294,1.9375,0.00023689399999682337,0.0,1.0,1.0,0.697736845927678,10.302263154072321
23aec43b15dd512b,"AP1,YY1,YY1",1,seq_132839,-1,myopic,1.0,1.0,0.10903661701503259,0.5433053931146472,0.9672028814770579,2.0,0.0002472279374927666,0.0,1.0,1.0,0.6563645564291336,10.343635443570864
23aec43b15dd512b,"AP1,YY1,YY1",1,seq_132839,-1,rollout,1.0,1.0,0.11127989679410125,0.7479053878989859,0.8848941869481263,2.0,0.0004955906874926086,0.0,1.0,1.0,0.5953234199823695,10.40467658001763
23aec43b15dd512b,"AP1,YY1,YY1",1,seq_132839,-1,learned,1.0,1.0,0.10966318527774548,0.9060545010864317,0.9842292696973789,2.0,0.002573165187513382,0.0,1.0,1.0,0.5885215987827743,10.411478401217227
23aec43b15dd512b,"AP1,YY1,YY1",1,seq_132839,-1,exact,1.0,1.0,0.12890625,1.0,0.9999999999999999,2.0,0.0002690264999785086,0.0,1.0,1.0,0.60546875,10.39453125
23aec43b15dd512b,"AP1,YY1,YY1",1,seq_132839,-1,defensive_rollout,1.0,1.0,0.1254380343290598,0.7453056577825237,1.0296496264393737,2.0,0.0005089403749849453,0.0,1.0,1.0,0.5688466661145615,10.431153333885437
2699c20dfe47b3cd,"REST,SP1,XBP1",1,seq_141895,-1,reference,1.0,1.0,0.13980245350835835,0.4766157259795479,0.9474017079532357,3.9375,0.00023950781252324305,0.0,1.0,1.0,0.18919364620540605,12.377187932809328
2699c20dfe47b3cd,"REST,SP1,XBP1",1,seq_141895,-1,myopic,1.0,1.0,0.19846597653201534,0.7182791319813644,1.035467940699657,2.8125,0.0002508651249968352,0.0,1.0,1.0,0.19145597191852357,12.155976094710578
2699c20dfe47b3cd,"REST,SP1,XBP1",1,seq_141895,-1,rollout,1.0,1.0,0.14110713702947758,0.7471419599196011,1.00217831464869,3.25,0.0004915256250370703,0.0,1.0,1.0,0.10169318531853758,11.729279669976194
2699c20dfe47b3cd,"REST,SP1,XBP1",1,seq_141895,-1,learned,1.0,1.0,0.1251129495347073,0.9690339923717295,1.0094697712651917,3.625,0.0021318476874938597,0.0,1.0,1.0,0.1257688349849928,11.812802221486773
2699c20dfe47b3cd,"REST,SP1,XBP1",1,seq_141895,-1,exact,1.0,1.0,0.1041156373477666,0.9999999999999998,0.9999999999999999,3.375,0.0002529438124980743,0.0,1.0,1.0,0.1484375,11.3359375
2699c20dfe47b3cd,"REST,SP1,XBP1",1,seq_141895,-1,defensive_rollout,1.0,1.0,0.10901280752713795,0.7521406348101731,1.0193034668661178,3.625,0.0005773815624507961,0.0,1.0,1.0,0.14105928250024002,10.915725274323824
28afc28829ed2146,"PPARA,RXRA,RXRA",1,seq_160307,1,reference,1.0,1.0,0.2199789453609992,0.4661575408631814,0.9311340642091634,3.9375,0.00024170206249607418,0.0,0.5382822103961656,0.9505003960833796,0.0,15.600956541684095
28afc28829ed2146,"PPARA,RXRA,RXRA",1,seq_160307,1,myopic,1.0,1.0,0.2275698112725423,0.5531268446475711,1.029291994650043,3.5625,0.0002421771875020795,0.0,0.6155310318818282,0.954604038239978,0.0,14.868784368903743
28afc28829ed2146,"PPARA,RXRA,RXRA",1,seq_160307,1,rollout,1.0,1.0,0.17882258072160778,0.8167993394556663,0.8914913838683234,3.625,0.000519976062506089,0.0,0.6381509346439675,0.9546756928315103,0.0,14.664560352720699
28afc28829ed2146,"PPARA,RXRA,RXRA",1,seq_160307,1,learned,1.0,1.0,0.18001272427149176,0.8986109484398647,0.9876082333050872,3.75,0.002965894187525464,0.0,0.6860597435925921,0.9405862024482669,0.0,14.36018648563227
28afc28829ed2146,"PPARA,RXRA,RXRA",1,seq_160307,1,exact,1.0,1.0,0.12273071335975103,0.9999999999999998,1.0,3.5625,0.0004935824999705574,0.0,0.6171875,0.97265625,0.0,14.69140625
28afc28829ed2146,"PPARA,RXRA,RXRA",1,seq_160307,1,defensive_rollout,1.0,1.0,0.18026533725648114,0.7967755903086811,0.9911929407682532,3.875,0.0008927691875015853,0.0,0.6253339099971746,0.9439522463210883,0.0,14.876424593135633
2d38a4ee1e6a42b8,"AHR,CTCF,HNF4A",1,seq_200169,-1,reference,1.0,1.0,2.7755575615628914e-17,0.2624101453705576,1.1106610807678257,1.0,0.0004521699999742168,0.0,1.0,1.0,1.0,22.0
2d38a4ee1e6a42b8,"AHR,CTCF,HNF4A",1,seq_200169,-1,myopic,1.0,1.0,2.7755575615628914e-17,0.1922869488381801,0.8483178980120827,1.0,0.00045921099997769943,0.0,1.0,1.0,1.0,22.0
2d38a4ee1e6a42b8,"AHR,CTCF,HNF4A",1,seq_200169,-1,rollout,1.0,1.0,1.0408340855860843e-16,0.8924419790572052,0.5898656075062982,1.0,0.0009385604375182766,0.0,1.0,1.0,1.0,22.0
2d38a4ee1e6a42b8,"AHR,CTCF,HNF4A",1,seq_200169,-1,learned,1.0,1.0,3.469446951953614e-17,0.8124316642260586,0.998336156261544,1.0,0.0023014393750173667,0.0,1.0,1.0,1.0,22.0
2d38a4ee1e6a42b8,"AHR,CTCF,HNF4A",1,seq_200169,-1,exact,1.0,1.0,0.0,1.0,0.9999999999999998,1.0,0.00025921249996940787,0.0,1.0,1.0,1.0,22.0
2d38a4ee1e6a42b8,"AHR,CTCF,HNF4A",1,seq_200169,-1,defensive_rollout,1.0,1.0,4.163336342344337e-17,0.40335030559555124,1.1187882620013863,1.0,0.0005052686250337501,0.0,1.0,1.0,1.0,22.0
300db2287a7687b1,"ONECUT1,ONECUT1,RXRA",1,seq_144021,1,reference,1.0,1.0,3.122502256758253e-17,0.2786965615203366,1.010536996180039,1.0,0.00025374362498098435,0.0,1.0,1.0,1.0,19.0
300db2287a7687b1,"ONECUT1,ONECUT1,RXRA",1,seq_144021,1,myopic,1.0,1.0,2.42861286636753e-17,0.26630188560423507,1.0008676828353154,1.0,0.0002458863750121054,0.0,1.0,1.0,1.0,19.0
300db2287a7687b1,"ONECUT1,ONECUT1,RXRA",1,seq_144021,1,rollout,1.0,1.0,6.591949208711867e-17,0.6736485958475964,0.556930973751246,1.0,0.0004914675624831943,0.0,1.0,1.0,1.0,19.0
300db2287a7687b1,"ONECUT1,ONECUT1,RXRA",1,seq_144021,1,learned,1.0,1.0,6.938893903907228e-17,0.7506603165872359,0.8955770908793169,1.0,0.00238197637501969,0.0,1.0,1.0,1.0,19.0
300db2287a7687b1,"ONECUT1,ONECUT1,RXRA",1,seq_144021,1,exact,1.0,1.0,6.938893903907228e-18,0.9999999999999998,1.0,1.0,0.0003033727500394434,0.0,1.0,1.0,1.0,19.0
300db2287a7687b1,"ONECUT1,ONECUT1,RXRA",1,seq_144021,1,defensive_rollout,1.0,1.0,4.163336342344337e-17,0.47038596152412504,1.088194948357526,1.0,0.0005732387499506331,0.0,1.0,1.0,1.0,19.0
31d9e455f9b03cf8,"AP1,PPARA,TFAP2C",1,seq_187777,-1,reference,1.0,1.0,0.24735256829382496,0.4788078541059576,0.9991642704879047,3.9375,0.00032866893749883275,0.0,1.0,1.0,1.0,12.62296743526577
31d9e455f9b03cf8,"AP1,PPARA,TFAP2C",1,seq_187777,-1,myopic,1.0,1.0,0.22033080778323896,0.6642540190528003,1.0362250014822565,3.6875,0.00032964850005612334,0.0,1.0,1.0,1.0,12.835776526695735
31d9e455f9b03cf8,"AP1,PPARA,TFAP2C",1,seq_187777,-1,rollout,1.0,1.0,0.21009812148770537,0.8001467038179357,0.9491230342916208,3.9375,0.0006102996874801647,0.0,1.0,1.0,1.0,12.708368568961424
31d9e455f9b03cf8,"AP1,PPARA,TFAP2C",1,seq_187777,-1,learned,1.0,1.0,0.11780286269395471,0.9684651072337419,1.0209597786656508,3.9375,0.0023677602500242756,0.0,1.0,1.0,1.0,12.679319685198154
31d9e455f9b03cf8,"AP1,PPARA,TFAP2C",1,seq_187777,-1,exact,1.0,1.0,0.16207206861154438,1.0,1.0000000000000004,4.0,0.0003477780625047444,0.0,1.0,1.0,1.0,12.5703125
31d9e455f9b03cf8,"AP1,PPARA,TFAP2C",1,seq_187777,-1,defensive_rollout,1.0,1.0,0.1955756638530471,0.8278746321466739,1.0290327408705007,3.875,0.0006616224375051161,0.0,1.0,1.0,1.0,12.368269050100967
328ebed71cb1da0c,"GABPA,HNF4A,PPARA",1,seq_190431,-1,reference,1.0,1.0,0.19390974684400886,0.785656793893907,1.0480064327201437,5.5,0.00029682056251090216,0.0,0.20538238460927133,1.0,0.12081252478250012,12.493595490489117
328ebed71cb1da0c,"GABPA,HNF4A,PPARA",1,seq_190431,-1,myopic,1.0,1.0,0.214864211093716,0.7783695772641595,1.01255766573271,5.25,0.0002518991875035681,0.0,0.2495945655854215,1.0,0.12221333803296514,12.809030715054519
328ebed71cb1da0c,"GABPA,HNF4A,PPARA",1,seq_190431,-1,rollout,1.0,1.0,0.1924518435319244,0.8681918427860645,0.9773196578199056,5.375,0.0014746376875081069,0.0,0.1552473672453496,1.0,0.09541058812606357,12.291436943270874
328ebed71cb1da0c,"GABPA,HNF4A,PPARA",1,seq_190431,-1,learned,1.0,1.0,0.21108671358478104,0.7869832093176425,0.9904208674892208,5.6875,0.002355510250026782,0.0,0.24312268832044145,1.0,0.12815502433958983,12.806687132882697
328ebed71cb1da0c,"GABPA,HNF4A,PPARA",1,seq_190431,-1,exact,1.0,1.0,0.19997521730185178,0.9999999999999998,0.9999999999999999,5.4375,0.00026010587498603854,0.0,0.17578125,1.0,0.0546875,12.3515625
328ebed71cb1da0c,"GABPA,HNF4A,PPARA",1,seq_190431,-1,defensive_rollout,1.0,1.0,0.1943050527849723,0.929003189101275,0.9935645164814362,5.3125,0.0005494426875429781,0.0,0.1621241855264092,1.0,0.07681786665904936,12.10384579187929
3456e31ee7dfb744,"AP1,RXRA,TFAP2C",1,seq_160841,1,reference,1.0,1.0,3.122502256758253e-17,0.2150408082944284,1.0372908780805061,1.0,0.00024167775001160408,0.0,0.0,1.0,0.0,14.0
3456e31ee7dfb744,"AP1,RXRA,TFAP2C",1,seq_160841,1,myopic,1.0,1.0,1.3877787807814457e-17,0.19890512164418084,0.8447391825406413,1.0,0.00025992412501807394,0.0,0.0,1.0,0.0,14.0
3456e31ee7dfb744,"AP1,RXRA,TFAP2C",1,seq_160841,1,rollout,1.0,1.0,6.245004513516506e-17,0.7388950628245935,0.3546849687121233,1.0,0.0005239357499817743,0.0,0.0,1.0,0.0,14.0
3456e31ee7dfb744,"AP1,RXRA,TFAP2C",1,seq_160841,1,learned,1.0,1.0,5.551115123125783e-17,0.7941620893334315,1.0639311923068622,1.0,0.0022812952500004258,0.0,0.0,1.0,0.0,14.0
3456e31ee7dfb744,"AP1,RXRA,TFAP2C",1,seq_160841,1,exact,1.0,1.0,2.0816681711721685e-17,0.9999999999999998,1.0000000000000002,1.0,0.0002785041874489025,0.0,0.0,1.0,0.0,14.0
3456e31ee7dfb744,"AP1,RXRA,TFAP2C",1,seq_160841,1,defensive_rollout,1.0,1.0,2.0816681711721685e-17,0.3625555120947113,1.0208205395103471,1.0,0.0005795442499731962,0.0,0.0,1.0,0.0,14.0
35a6a8c8d42febdf,"CEBPA,CTCF,SP1",1,seq_198667,-1,reference,1.0,1.0,0.07669594193470002,0.4060007394352852,1.0469220406858788,2.0,0.00025307968752485976,0.0,1.0,1.0,0.8443988999055937,9.400409900849656
35a6a8c8d42febdf,"CEBPA,CTCF,SP1",1,seq_198667,-1,myopic,1.0,1.0,0.10566063356161032,0.7370027295329278,0.8766544104373863,2.0,0.0002831353125145597,0.0,1.0,1.0,0.8266923993331976,9.559768406001222
35a6a8c8d42febdf,"CEBPA,CTCF,SP1",1,seq_198667,-1,rollout,1.0,1.0,0.10493337821655191,0.7668744325908043,0.8309716146050303,2.0,0.0007367174374763863,0.0,1.0,1.0,0.753921583544887,10.214705748096016
35a6a8c8d42febdf,"CEBPA,CTCF,SP1",1,seq_198667,-1,learned,1.0,1.0,0.1067773332691534,0.8968548272216563,0.9576849329929569,2.0,0.0023872577499872705,0.0,1.0,1.0,0.6958998982203644,10.736900916016722
35a6a8c8d42febdf,"CEBPA,CTCF,SP1",1,seq_198667,-1,exact,1.0,1.0,0.06413265469967508,1.0,0.9999999999999996,2.0,0.000251725687490989,0.0,1.0,1.0,0.78515625,9.93359375
35a6a8c8d42febdf,"CEBPA,CTCF,SP1",1,seq_198667,-1,defensive_rollout,1.0,1.0,0.0686266924391275,0.7563522561111653,1.0361643645306533,2.0,0.0005331159375003836,0.0,1.0,1.0,0.7536468301284844,10.21717852884364
37b9c38d11661f06,"REST,YY1,YY1",1,seq_179337,1,reference,1.0,1.0,3.8163916471489756e-17,0.3300279321085091,1.046183903369847,1.0,0.00024691556251354996,0.0,1.0,1.0,0.0,15.0
37b9c38d11661f06,"REST,YY1,YY1",1,seq_179337,1,myopic,1.0,1.0,5.551115123125783e-17,0.5129777939285611,0.952079271229819,1.0,0.0002588738750120001,0.0,1.0,1.0,0.0,15.0
37b9c38d11661f06,"REST,YY1,YY1",1,seq_179337,1,rollout,1.0,1.0,4.85722573273506e-17,0.7657544292104607,0.6892727268377118,1.0,0.0005223644375007552,0.0,1.0,1.0,0.0,15.0
37b9c38d11661f06,"REST,YY1,YY1",1,seq_179337,1,learned,1.0,1.0,2.7755575615628914e-17,0.6848580599821832,0.8426584701549018,1.0,0.0022756111875281704,0.0,1.0,1.0,0.0,15.0
37b9c38d11661f06,"REST,YY1,YY1",1,seq_179337,1,exact,1.0,1.0,1.3877787807814457e-17,0.9999999999999999,0.9999999999999996,1.0,0.0002610433125482814,0.0,1.0,1.0,0.0,15.0
37b9c38d11661f06,"REST,YY1,YY1",1,seq_179337,1,defensive_rollout,1.0,1.0,5.204170427930421e-17,0.546436948813579,0.8974918651575604,1.0,0.0004931086250365979,0.0,1.0,1.0,0.0,15.0
37facc4949e0f0b1,"REST,SP1,XBP1",1,seq_140581,1,reference,1.0,1.0,0.1402023418743673,0.4947281144943527,1.0693362305922198,3.8125,0.0002623526874856452,0.0,0.9170536646134431,0.9170536646134431,0.9170536646134431,11.878460347321923
37facc4949e0f0b1,"REST,SP1,XBP1",1,seq_140581,1,myopic,1.0,1.0,0.1531674877811957,0.7015878952137408,0.880967390850597,2.75,0.00025048950003281334,0.0,0.9436745837477817,0.9436745837477817,0.9436745837477817,10.356919814888728
37facc4949e0f0b1,"REST,SP1,XBP1",1,seq_140581,1,rollout,1.0,1.0,0.12618517719432165,0.7511355240106453,1.032593230157044,3.4375,0.0005417944999948077,0.0,0.9041503599987997,0.9041503599987997,0.9041503599987997,12.388163665829794
37facc4949e0f0b1,"REST,SP1,XBP1",1,seq_140581,1,learned,1.0,1.0,0.11748762776019908,0.9038578725223474,0.9816114393467379,3.5625,0.0035021880624697133,0.0,0.8814309160998313,0.8814309160998313,0.8814309160998313,11.911922739601104
37facc4949e0f0b1,"REST,SP1,XBP1",1,seq_140581,1,exact,1.0,1.0,0.11575816790757669,0.9999999999999999,0.9999999999999999,3.25,0.0002615539999482053,0.0,0.9140625,0.9140625,0.9140625,10.9296875
37facc4949e0f0b1,"REST,SP1,XBP1",1,seq_140581,1,defensive_rollout,1.0,1.0,0.08829415052995856,0.7642488217702457,0.9788129070453631,3.75,0.000515423624975142,0.0,0.9278002910191232,0.9278002910191232,0.9278002910191232,11.547674567419477
3c209d88b8d0ddc1,"ONECUT1,RXRA,SP1",1,seq_139121,1,reference,1.0,1.0,3.8163916471489756e-17,0.24481230142946608,1.0123902883778295,1.0,0.0002352708125386016,0.0,1.0,1.0,1.0,17.0
3c209d88b8d0ddc1,"ONECUT1,RXRA,SP1",1,seq_139121,1,myopic,1.0,1.0,4.85722573273506e-17,0.33293799577399485,0.9835701055259777,1.0,0.0002474851875007289,0.0,1.0,1.0,1.0,17.0
3c209d88b8d0ddc1,"ONECUT1,RXRA,SP1",1,seq_139121,1,rollout,1.0,1.0,3.469446951953614e-17,0.6845497263444182,0.5120785061444482,1.0,0.0005291346250118067,0.0,1.0,1.0,1.0,17.0
3c209d88b8d0ddc1,"ONECUT1,RXRA,SP1",1,seq_139121,1,learned,1.0,1.0,4.85722573273506e-17,0.7726370868117195,1.0224781183183311,1.0,0.0023474381874706296,0.0,1.0,1.0,1.0,17.0
3c209d88b8d0ddc1,"ONECUT1,RXRA,SP1",1,seq_139121,1,exact,1.0,1.0,0.0,0.9999999999999998,1.0,1.0,0.00025428331247212554,0.0,1.0,1.0,1.0,17.0
3c209d88b8d0ddc1,"ONECUT1,RXRA,SP1",1,seq_139121,1,defensive_rollout,1.0,1.0,4.163336342344337e-17,0.514311591050105,1.1229300612448379,1.0,0.0005327180624874472,0.0,1.0,1.0,1.0,17.0
3dd311db4352c1e1,"FOXA1,ONECUT1,PPARA",1,seq_142197,1,reference,1.0,1.0,0.13202419732613974,0.34666900286854146,0.9146589414767454,2.0,0.00025121693748531015,0.0,1.0,1.0,0.0,13.19807695056932
3dd311db4352c1e1,"FOXA1,ONECUT1,PPARA",1,seq_142197,1,myopic,1.0,1.0,0.10339127819581698,0.5642813490080838,0.9967141885684592,2.0,0.0002569624374899604,0.0,1.0,1.0,0.0,12.809997138501565
3dd311db4352c1e1,"FOXA1,ONECUT1,PPARA",1,seq_142197,1,rollout,1.0,1.0,0.10392290796882132,0.7024204518443458,0.9821505437017249,2.0,0.0005180599999761171,0.0,1.0,1.0,0.0,13.411256157882345
3dd311db4352c1e1,"FOXA1,ONECUT1,PPARA",1,seq_142197,1,learned,1.0,1.0,0.08026606261059224,0.8813700467887635,0.9289060108710898,2.0,0.0024570813125137647,0.0,1.0,1.0,0.0,12.780714797607125
3dd311db4352c1e1,"FOXA1,ONECUT1,PPARA",1,seq_142197,1,exact,1.0,1.0,0.134686702199247,1.0,1.0000000000000002,2.0,0.0002580970624848078,0.0,1.0,1.0,0.0,14.046875
3dd311db4352c1e1,"FOXA1,ONECUT1,PPARA",1,seq_142197,1,defensive_rollout,1.0,1.0,0.06989303517357065,0.6952281884353084,1.0436440652924985,2.0,0.0005270226250075893,0.0,1.0,1.0,0.0,13.04175648554505
424e496c6c4ff047,"CEBPA,FOXA1,XBP1",1,seq_127025,1,reference,1.0,1.0,0.16566552045031274,0.327489508409529,1.2663104337336024,2.0,0.00024022124999589778,0.0,1.0,1.0,0.7265155263227574,26.461360263095187
424e496c6c4ff047,"CEBPA,FOXA1,XBP1",1,seq_127025,1,myopic,1.0,1.0,0.15317504524935344,0.26019513641406095,0.89384718015494,1.6875,0.00024333581251312353,0.0,1.0,1.0,0.8768944059272711,25.10795034665456
424e496c6c4ff047,"CEBPA,FOXA1,XBP1",1,seq_127025,1,rollout,1.0,1.0,0.09008931441658019,0.7311461651449533,0.7250040433105984,1.9375,0.0005419973125100341,0.0,1.0,1.0,0.870345528860385,25.166890240256535
424e496c6c4ff047,"CEBPA,FOXA1,XBP1",1,seq_127025,1,learned,1.0,1.0,0.05367196910094546,0.8722506716394389,1.01684369458709,2.0,0.0023170575000222016,0.0,1.0,1.0,0.8269251263837577,25.55767386254618
424e496c6c4ff047,"CEBPA,FOXA1,XBP1",1,seq_127025,1,exact,1.0,1.0,0.109375,0.9999999999999998,0.9999999999999993,1.9375,0.000279451312522383,0.0,1.0,1.0,0.78125,25.96875
424e496c6c4ff047,"CEBPA,FOXA1,XBP1",1,seq_127025,1,defensive_rollout,1.0,1.0,0.09081560188299628,0.43382537950312217,1.0007183663873094,2.0,0.0005018849374920364,0.0,1.0,1.0,0.8335461721120985,25.498084450991115
45520d57cee1220d,"CEBPA,SP1,TFAP2C",1,seq_131399,-1,reference,1.0,1.0,6.591949208711867e-17,0.39544366878467563,1.2089903679723957,1.0,0.00023531343749993994,0.0,1.0,1.0,1.0,8.0
45520d57cee1220d,"CEBPA,SP1,TFAP2C",1,seq_131399,-1,myopic,1.0,1.0,1.734723475976807e-17,0.7168731832562221,0.9502869079321994,1.0,0.00026504287500017654,0.0,1.0,1.0,1.0,8.0
45520d57cee1220d,"CEBPA,SP1,TFAP2C",1,seq_131399,-1,rollout,1.0,1.0,7.28583859910259e-17,0.7131072513368656,0.6553703445471516,1.0,0.0005531031875278813,0.0,1.0,1.0,1.0,8.0
45520d57cee1220d,"CEBPA,SP1,TFAP2C",1,seq_131399,-1,learned,1.0,1.0,5.204170427930421e-17,0.7038814103891345,0.9491398035906633,1.0,0.0024551670624930466,0.0,1.0,1.0,1.0,8.0
45520d57cee1220d,"CEBPA,SP1,TFAP2C",1,seq_131399,-1,exact,1.0,1.0,1.3877787807814457e-17,1.0,1.0000000000000004,1.0,0.00025282356250500015,0.0,1.0,1.0,1.0,8.0
45520d57cee1220d,"CEBPA,SP1,TFAP2C",1,seq_131399,-1,defensive_rollout,1.0,1.0,5.204170427930421e-17,0.6463586027269552,0.9929172391699637,1.0,0.0004893581874654274,0.0,1.0,1.0,1.0,8.0
478e27342cd0808e,"ONECUT1,YY1,YY1",1,seq_133347,-1,reference,1.0,1.0,0.20071043621530527,0.6902604923942551,0.9711216514824388,4.75,0.000362388312524331,0.0,0.08643978091817794,0.5044598558057682,0.08643978091817794,12.661279999450144
478e27342cd0808e,"ONECUT1,YY1,YY1",1,seq_133347,-1,myopic,1.0,1.0,0.20537748068442002,0.7508290408385936,0.9445741096867681,3.9375,0.00026088200002050144,0.0,0.07978050825961408,0.45957541230013677,0.07978050825961408,11.989958608091714
478e27342cd0808e,"ONECUT1,YY1,YY1",1,seq_133347,-1,rollout,1.0,1.0,0.1935703583602019,0.8114695470882483,1.0281961001910942,4.3125,0.0005216278125175222,0.0,0.07496285456637494,0.47693970946662867,0.07496285456637494,12.266799492516899
478e27342cd0808e,"ONECUT1,YY1,YY1",1,seq_133347,-1,learned,1.0,1.0,0.17317498888937788,0.850805266824237,1.0843496682681315,4.5625,0.0024094718749978483,0.0,0.07236598904726242,0.5081505430004991,0.07236598904726242,12.641717067313174
478e27342cd0808e,"ONECUT1,YY1,YY1",1,seq_133347,-1,exact,1.0,1.0,0.18172581740133587,0.9999999999999998,0.9999999999999996,4.625,0.0002640176250139348,0.0,0.08984375,0.51953125,0.08984375,12.0703125
478e27342cd0808e,"ONECUT1,YY1,YY1",1,seq_133347,-1,defensive_rollout,1.0,1.0,0.20660295254536454,0.8672453373440223,1.0024504793759497,4.4375,0.0005219033125030137,0.0,0.08839985730331641,0.5421778249736176,0.08839985730331641,12.245085058098512
47dd02aefc2e917a,"HNF4A,SP1,YY1",1,seq_152665,-1,reference,1.0,1.0,0.109181849107932,0.4006294030370729,1.025004489914524,2.0,0.0002513896875058208,0.0,1.0,1.0,1.0,9.671706181794605
47dd02aefc2e917a,"HNF4A,SP1,YY1",1,seq_152665,-1,myopic,1.0,1.0,0.10939302830427762,0.5896888566978495,0.9723852883736821,2.0,0.00026339943747188954,0.0,1.0,1.0,1.0,9.624581329159469
47dd02aefc2e917a,"HNF4A,SP1,YY1",1,seq_152665,-1,rollout,1.0,1.0,0.10309416121401598,0.7476170323143239,0.8816247897661298,2.0,0.0005127209374933273,0.0,1.0,1.0,1.0,10.319641710272425
47dd02aefc2e917a,"HNF4A,SP1,YY1",1,seq_152665,-1,learned,1.0,1.0,0.08098306588682096,0.8882532030369307,1.0146973241998838,2.0,0.002219302124970568,0.0,1.0,1.0,1.0,10.061716556370758
47dd02aefc2e917a,"HNF4A,SP1,YY1",1,seq_152665,-1,exact,1.0,1.0,0.09964349464718264,0.9999999999999998,0.9999999999999998,2.0,0.00026127925001162566,0.0,1.0,1.0,1.0,9.96875
47dd02aefc2e917a,"HNF4A,SP1,YY1",1,seq_152665,-1,defensive_rollout,1.0,1.0,0.0972680853119654,0.7221099296184674,1.0699135565723221,2.0,0.0005170730000259027,0.0,1.0,1.0,1.0,9.680762953504761
48614f386f099977,"FOXA1,ONECUT1,XBP1",1,seq_146609,1,reference,1.0,1.0,3.469446951953614e-17,0.2821641396648672,0.9160784093571531,1.0,0.000248272437460173,0.0,0.0,1.0,0.0,24.0
48614f386f099977,"FOXA1,ONECUT1,XBP1",1,seq_146609,1,myopic,1.0,1.0,3.469446951953614e-17,0.23322173709884192,0.8517068130116784,1.0,0.00024279693751338982,0.0,0.0,1.0,0.0,24.0
48614f386f099977,"FOXA1,ONECUT1,XBP1",1,seq_146609,1,rollout,1.0,1.0,3.122502256758253e-17,0.6857018228510185,0.47333222290068766,1.0,0.0005198062500113565,0.0,0.0,1.0,0.0,24.0
48614f386f099977,"FOXA1,ONECUT1,XBP1",1,seq_146609,1,learned,1.0,1.0,3.8163916471489756e-17,0.9123563769168429,1.26591071193299,1.0,0.002251757187508474,0.0,0.0,1.0,0.0,24.0
48614f386f099977,"FOXA1,ONECUT1,XBP1",1,seq_146609,1,exact,1.0,1.0,0.0,1.0,0.9999999999999998,1.0,0.00025724287498007925,0.0,0.0,1.0,0.0,24.0
48614f386f099977,"FOXA1,ONECUT1,XBP1",1,seq_146609,1,defensive_rollout,1.0,1.0,2.42861286636753e-17,0.4353295571614172,0.9148326618421243,1.0,0.0005540394375742608,0.0,0.0,1.0,0.0,24.0
4cec2d85eb63e2d7,"AHR,REST,SP1",1,seq_172207,1,reference,1.0,1.0,0.12392727040504325,0.36309144861736153,1.0136457493258928,1.9375,0.00024438562498119154,0.0,1.0,1.0,0.0,17.648781544686504
4cec2d85eb63e2d7,"AHR,REST,SP1",1,seq_172207,1,myopic,1.0,1.0,0.10062834062600938,0.48107439958425957,1.210159463703487,1.875,0.00025112612499356146,0.0,1.0,1.0,0.0,16.569748177097193
4cec2d85eb63e2d7,"AHR,REST,SP1",1,seq_172207,1,rollout,1.0,1.0,0.11401758198262026,0.6804554495459336,0.8201985164455898,2.0,0.00048826787499933744,0.0,1.0,1.0,0.0,17.588301726232856
4cec2d85eb63e2d7,"AHR,REST,SP1",1,seq_172207,1,learned,1.0,1.0,0.07682003294043156,0.8662826343596618,0.969987860671123,2.0,0.002249025500020707,0.0,1.0,1.0,0.0,17.203228006544396
4cec2d85eb63e2d7,"AHR,REST,SP1",1,seq_172207,1,exact,1.0,1.0,0.06530478314428793,0.9999999999999998,0.9999999999999998,2.0,0.00025315674999148996,0.0,1.0,1.0,0.0,16.828125
4cec2d85eb63e2d7,"AHR,REST,SP1",1,seq_172207,1,defensive_rollout,1.0,1.0,0.07432043010581374,0.6770405380101853,0.9736000121751751,2.0,0.0004907529999798044,0.0,1.0,1.0,0.0,16.73532357580371
4d1a3f7b90df5431,"RXRA,SP1,YY1",1,seq_133149,1,reference,1.0,1.0,0.16770537508328975,0.6041721629076358,1.074933511057554,4.5625,0.00023822824999797376,0.0,1.0,1.0,0.8995811839338039,12.565634336005598
4d1a3f7b90df5431,"RXRA,SP1,YY1",1,seq_133149,1,myopic,1.0,1.0,0.22207247518236578,0.6613177438376474,1.0612247138052928,4.25,0.00024165343752713397,0.0,1.0,1.0,0.9261531205027121,13.063200780414743
4d1a3f7b90df5431,"RXRA,SP1,YY1",1,seq_133149,1,rollout,1.0,1.0,0.2164697340706323,0.7663809182944699,1.0474183365202765,4.625,0.0004872564374807098,0.0,1.0,1.0,0.7829787789864474,13.2410535904053
4d1a3f7b90df5431,"RXRA,SP1,YY1",1,seq_133149,1,learned,1.0,1.0,0.19057409064858202,0.7829012887026532,1.08072247926997,4.6875,0.002840345499990349,0.0,1.0,1.0,0.8461444702030062,12.273616956681952
4d1a3f7b90df5431,"RXRA,SP1,YY1",1,seq_133149,1,exact,1.0,1.0,0.17579790239893772,1.0,1.0000000000000002,4.75,0.0002623871249909371,0.0,1.0,1.0,0.87109375,12.35546875
4d1a3f7b90df5431,"RXRA,SP1,YY1",1,seq_133149,1,defensive_rollout,1.0,1.0,0.19061728890741636,0.8661845985896577,1.0414609857090427,4.6875,0.0005154098124648954,0.0,1.0,1.0,0.9034571565159699,13.190502272524368
4ed1a62304532ee5,"RXRA,RXRA,SP1",1,seq_157643,1,reference,1.0,1.0,0.15558738224189406,0.32072397670781694,0.9463683049450407,2.0,0.00023828531246294915,0.0,1.0,1.0,0.20563882749134976,18.85074944742215
4ed1a62304532ee5,"RXRA,RXRA,SP1",1,seq_157643,1,myopic,1.0,1.0,0.18150095006013012,0.3105422519538022,1.0079459107861237,1.9375,0.0002467440000231136,0.0,1.0,1.0,0.3181535045338526,19.863381540804674
4ed1a62304532ee5,"RXRA,RXRA,SP1",1,seq_157643,1,rollout,1.0,1.0,0.10143704728394907,0.741351507137548,0.8490466401051024,1.9375,0.0005049801250009978,0.0,1.0,1.0,0.22395053704934678,19.01555483344412
4ed1a62304532ee5,"RXRA,RXRA,SP1",1,seq_157643,1,learned,1.0,1.0,0.1038077009294696,0.8270354940830745,0.9154350534628023,2.0,0.0023623451875209867,0.0,1.0,1.0,0.19662122431163115,18.769591018804682
4ed1a62304532ee5,"RXRA,RXRA,SP1",1,seq_157643,1,exact,1.0,1.0,0.09187082500341424,1.0,1.0000000000000002,2.0,0.000249531437503947,0.0,1.0,1.0,0.19140625,18.72265625
4ed1a62304532ee5,"RXRA,RXRA,SP1",1,seq_157643,1,defensive_rollout,1.0,1.0,0.09891223994565489,0.5295845261175333,1.0472645721355383,1.9375,0.0005137554375096443,0.0,1.0,1.0,0.22726659153001189,19.045399323770106
4f19be063c7bfa32,"CTCF,HNF4A,ONECUT1",1,seq_146429,1,reference,1.0,1.0,4.5102810375396984e-17,0.2873889727501252,0.8697168737991661,1.0,0.0003100258750237117,0.0,0.0,1.0,0.0,19.0
4f19be063c7bfa32,"CTCF,HNF4A,ONECUT1",1,seq_146429,1,myopic,1.0,1.0,4.163336342344337e-17,0.23528771030496673,1.1454523055281134,1.0,0.000283339312503017,0.0,0.0,1.0,0.0,19.0
4f19be063c7bfa32,"CTCF,HNF4A,ONECUT1",1,seq_146429,1,rollout,1.0,1.0,7.979727989493313e-17,0.7665773338504986,0.5373046026023667,1.0,0.0005321624999794494,0.0,0.0,1.0,0.0,19.0
4f19be063c7bfa32,"CTCF,HNF4A,ONECUT1",1,seq_146429,1,learned,1.0,1.0,3.469446951953614e-17,0.9163988408719543,0.9100720640864012,1.0,0.002376036062514686,0.0,0.0,1.0,0.0,19.0
4f19be063c7bfa32,"CTCF,HNF4A,ONECUT1",1,seq_146429,1,exact,1.0,1.0,2.0816681711721685e-17,0.9999999999999998,1.0000000000000002,1.0,0.00025634368748228553,0.0,0.0,1.0,0.0,19.0
4f19be063c7bfa32,"CTCF,HNF4A,ONECUT1",1,seq_146429,1,defensive_rollout,1.0,1.0,2.0816681711721685e-17,0.4581450322848206,1.003567788306587,1.0,0.0005023848750198567,0.0,0.0,1.0,0.0,19.0
