case,family,background,source_id,direction,model_feasible,assay_mean_feasible,assay_strict_feasible,feasible_states,normalizer,minimum_feasible_base_edits,exact_target_base_edits,factorized_invalid_mass,exact_target_assay_mean,exact_target_assay_strict,local_clause_count,blocking_run_clauses,blocking_run_complete,expected_regions_3_independent_draws,regions_3_exact_blocking_rounds
00ad5cfc3bb35bb9,"AHR,CTCF,ONECUT1",2,seq_201072,-1,False,True,True,,,,,,,,,,,,
00d2c50cce7ba802,"HNF4A,SP1,YY1",2,seq_133922,1,False,True,False,,,,,,,,,,,,
00f3f269cfc9d8b7,"CEBPA,HNF1A,HNF1A",2,seq_174288,1,False,False,False,,,,,,,,,,,,
011e7a3c154ca8e5,"RXRA,RXRA,SP1",2,seq_139164,1,False,False,False,,,,,,,,,,,,
017d6fba62320768,"AHR,CEBPA,PPARA",2,seq_130148,-1,False,False,False,,,,,,,,,,,,
02012a009a36f192,"CEBPA,FOXA1,TFAP2C",2,seq_131354,1,False,False,False,,,,,,,,,,,,
02c00643ca5006af,"AHR,CEBPA,PPARA",2,seq_130942,-1,False,False,False,,,,,,,,,,,,
031e262895b0c8bc,"AHR,AP1,SP1",2,seq_169872,-1,False,True,True,,,,,,,,,,,,
0357f7f0f0999b2e,"CEBPA,FOXA1,RXRA",1,seq_156711,-1,False,False,False,,,,,,,,,,,,
03e692f976b0bd1f,"AHR,CEBPA,PPARA",1,seq_130941,-1,False,False,False,,,,,,,,,,,,
03f0653c76ef5483,"ONECUT1,ONECUT1,ONECUT1",1,seq_143183,1,False,False,False,,,,,,,,,,,,
046e34eb724b8439,"CEBPA,YY1,YY1",2,seq_132510,-1,False,False,False,,,,,,,,,,,,
04890414dc9722e1,"HNF1A,NR2F2,YY1",2,seq_174544,1,False,False,False,,,,,,,,,,,,
04bba97e3eacc771,"CEBPA,REST,RXRA",1,seq_129441,1,True,True,False,1.0,0.008320542656043229,24.0,24.0,0.0,1.0,0.0,1.0,1.0,True,1.0,1.0
05493b054772ccd5,"PPARA,RXRA,SP1",2,seq_185650,1,False,False,False,,,,,,,,,,,,
067037ea532fbcdb,"FOXA1,ONECUT1,PPARA",1,seq_183713,-1,True,True,True,3.0,0.02484689275407991,21.0,22.460236950010795,0.20436727936594296,1.0,0.0,2.0,2.0,True,1.7330777438064153,2.0
0679e5d0f2f0d3fc,"HNF1A,YY1,YY1",1,seq_174443,-1,False,False,False,,,,,,,,,,,,
069a2579961e4beb,"GABPA,HNF4A,REST",1,seq_155235,-1,False,True,False,,,,,,,,,,,,
06ad376329652954,"FOXA1,ONECUT1,ONECUT1",1,seq_123585,1,True,True,True,3.0,0.027660321728779025,20.0,21.453038403691725,0.20467344332582899,0.9999999999999999,0.5748093898802157,2.0,2.0,True,1.7332106655572495,2.0
079eb6a5ff8241e5,"AP1,RXRA,YY1",2,seq_134232,1,False,False,False,,,,,,,,,,,,
07d3c3b87255bce0,"RXRA,SP1,YY1",2,seq_134196,1,False,True,False,,,,,,,,,,,,
07e337078f05b1cf,"CTCF,FOXA1,TFAP2C",1,seq_126697,-1,False,False,False,,,,,,,,,,,,
08056de18f3b2544,"GABPA,GABPA,HNF4A",2,seq_155798,1,False,False,False,,,,,,,,,,,,
084b2fd395099f80,"CEBPA,FOXA1,GABPA",2,seq_188818,1,False,False,False,,,,,,,,,,,,
086cde0bc0f4131a,"AP1,RXRA,RXRA",1,seq_158733,-1,False,False,False,,,,,,,,,,,,
0923f7890412d070,"HNF1A,YY1,YY1",2,seq_174430,1,False,False,False,,,,,,,,,,,,
0941afb27480d08b,"CTCF,NR2F2,YY1",2,seq_168422,-1,False,False,False,,,,,,,,,,,,
09a236302f4a6fc6,"AHR,TFAP2C,YY1",1,seq_173037,1,False,False,False,,,,,,,,,,,,
09ae76e52a12c60b,"AHR,HNF1A,NR2F2",2,seq_176382,-1,False,False,False,,,,,,,,,,,,
0a46fd8238b62dfa,"REST,SP1,XBP1",2,seq_206512,-1,False,False,False,,,,,,,,,,,,
0a6c706d58e4c6a8,"CEBPA,RXRA,SP1",1,seq_157015,-1,False,False,False,,,,,,,,,,,,
0aa8f64f48129d4a,"AHR,CTCF,HNF4A",2,seq_154702,-1,False,False,False,,,,,,,,,,,,
0aa9c43f0254bd5c,"ONECUT1,XBP1,YY1",2,seq_136886,-1,False,False,False,,,,,,,,,,,,
0ab9537928de8c2b,"FOXA1,HNF4A,REST",2,seq_178846,-1,False,False,False,,,,,,,,,,,,
0ac297b04f21d8c9,"HNF4A,ONECUT1,RXRA",2,seq_158442,-1,False,True,False,,,,,,,,,,,,
0ae0e84cef990cde,"AHR,REST,SP1",1,seq_179737,-1,True,True,False,2.0,0.08481737504414398,8.0,9.94175104023745,0.0,0.14936546463365002,0.0,1.0,1.0,True,1.0,1.0
0aebd2aedc38f3a0,"PPARA,SP1,TFAP2C",1,seq_187745,1,True,True,False,2.0,0.09727685607221244,8.0,9.29256719549384,0.0,1.0,0.0,1.0,1.0,True,1.0,1.0
0b25aad6d57cea0c,"REST,SP1,XBP1",1,seq_206519,-1,False,True,False,,,,,,,,,,,,
0b360d7404f26e7e,"GABPA,ONECUT1,ONECUT1",2,seq_145840,-1,False,False,False,,,,,,,,,,,,
0b841b5fe8a5079d,"ONECUT1,REST,TFAP2C",2,seq_180094,-1,False,True,True,,,,,,,,,,,,
0b9109eafde79aa7,"FOXA1,FOXA1,SP1",2,seq_137090,1,False,True,False,,,,,,,,,,,,
0b9bb28cc337ff42,"GABPA,HNF4A,YY1",1,seq_152569,1,False,True,False,,,,,,,,,,,,
0bb818d9aabfa0b5,"AP1,RXRA,YY1",1,seq_157331,1,True,False,False,3.0,0.07715371521087727,9.0,11.707531128780456,0.07285135049664476,0.0,0.0,2.0,2.0,True,1.2665550486779444,2.0
0bd0b983194ccd12,"FOXA1,GABPA,ONECUT1",1,seq_142209,1,True,True,True,2.0,0.01483768824692227,21.0,22.550298498058748,0.0,1.0,0.2583830830097915,1.0,1.0,True,1.0,1.0
0c337cfc7084163f,"GABPA,HNF4A,PPARA",1,seq_192135,-1,False,False,False,,,,,,,,,,,,
0c5c5861a6f94dbb,"AHR,CTCF,ONECUT1",2,seq_199622,-1,False,True,False,,,,,,,,,,,,
0c631ee9b77c485f,"ONECUT1,ONECUT1,TFAP2C",1,seq_146113,-1,True,True,True,1.0,0.005152680400840055,24.0,24.0,0.0,1.0,1.0,1.0,1.0,True,1.0,1.0
0ce504e78ffdff23,"HNF1A,YY1,YY1",1,seq_132927,1,False,False,False,,,,,,,,,,,,
0d0014cbfd5b004e,"GABPA,RXRA,YY1",2,seq_157472,-1,False,False,False,,,,,,,,,,,,
0d0295a56954ffba,"FOXA1,ONECUT1,ONECUT1",1,seq_142057,-1,False,False,False,,,,,,,,,,,,
0d660b6fc09b5848,"CEBPA,HNF1A,HNF1A",1,seq_130395,-1,False,True,False,,,,,,,,,,,,
0e608179704323a8,"AP1,RXRA,YY1",1,seq_133699,-1,False,True,False,,,,,,,,,,,,
0ef322c720ec3771,"FOXA1,GABPA,ONECUT1",2,seq_142214,1,False,False,False,,,,,,,,,,,,
0efc719cc2e8890a,"FOXA1,HNF4A,REST",2,seq_180424,-1,False,False,False,,,,,,,,,,,,
0f6eb1b1c8a04c1a,"AHR,REST,SP1",1,seq_140465,-1,False,False,False,,,,,,,,,,,,
0fc0b4bd97bc25c8,"HNF4A,RXRA,XBP1",2,seq_158632,-1,False,True,True,,,,,,,,,,,,
0fcee1496ec97942,"AHR,GABPA,HNF4A",2,seq_190376,1,False,False,False,,,,,,,,,,,,
10c4bae1a3c92290,"FOXA1,GABPA,TFAP2C",1,seq_126663,1,False,False,False,,,,,,,,,,,,
115d71e5de9a5ac4,"HNF4A,SP1,YY1",1,seq_133137,1,False,True,False,,,,,,,,,,,,
1186c4421dc0d9d4,"CTCF,RXRA,YY1",1,seq_161073,1,False,False,False,,,,,,,,,,,,
118bbbdd10eeea04,"AHR,CTCF,TFAP2C",2,seq_196360,1,False,False,False,,,,,,,,,,,,
1194ac51362dd588,"ONECUT1,YY1,YY1",1,seq_142579,-1,False,False,False,,,,,,,,,,,,
11fb09623bc8d017,"CTCF,NR2F2,XBP1",2,seq_168644,1,False,False,False,,,,,,,,,,,,
127b920a554f40a1,"FOXA1,GABPA,YY1",2,seq_126210,1,False,False,False,,,,,,,,,,,,
128ea812cc5c687d,"CEBPA,GABPA,GABPA",1,seq_192337,-1,False,False,False,,,,,,,,,,,,
12c29b7f3d36ec1b,"HNF4A,RXRA,XBP1",2,seq_205042,-1,False,False,False,,,,,,,,,,,,
130d7bd45651209f,"CEBPA,CTCF,SP1",2,seq_198668,-1,False,False,False,,,,,,,,,,,,
13de4c24e3d008eb,"CTCF,REST,TFAP2C",2,seq_202594,-1,False,False,False,,,,,,,,,,,,
14ca012f1a94621f,"AHR,CTCF,HNF4A",2,seq_170868,-1,False,False,False,,,,,,,,,,,,
14f23345986e0e39,"FOXA1,FOXA1,NR2F2",1,seq_122533,-1,True,True,True,3.0,0.012304979948976814,28.0,29.02815247923327,0.20544988218475546,1.0000000000000002,1.0000000000000002,2.0,2.0,True,1.7434477426411972,2.0
15197af6277fbdc3,"CTCF,HNF4A,ONECUT1",2,seq_143928,1,False,False,False,,,,,,,,,,,,
152b15e68d410a81,"AP1,AP1,ONECUT1",2,seq_148098,1,False,False,False,,,,,,,,,,,,
15a43f6a72b89a77,"AP1,AP1,XBP1",1,seq_204719,1,False,False,False,,,,,,,,,,,,
15f4c9b51170bfd6,"ONECUT1,REST,TFAP2C",1,seq_194749,1,False,False,False,,,,,,,,,,,,
1617da8c626f3de4,"CTCF,GABPA,HNF4A",1,seq_156357,1,False,True,False,,,,,,,,,,,,
16191c0da08f4526,"AP1,CTCF,TFAP2C",1,seq_199977,1,False,False,False,,,,,,,,,,,,
1641ec23771402a6,"AP1,HNF1A,REST",1,seq_177145,1,False,True,False,,,,,,,,,,,,
1660e6d70805d153,"FOXA1,GABPA,ONECUT1",2,seq_123736,1,False,False,False,,,,,,,,,,,,
167282e605a267ca,"AP1,RXRA,YY1",1,seq_148885,-1,False,False,False,,,,,,,,,,,,
168f5fa65e4874f8,"AP1,AP1,PPARA",1,seq_185117,-1,True,True,True,3.0,0.09499705958998948,11.0,11.557165060169611,0.07760822606845161,0.9999999999999999,0.7214174699151943,2.0,2.0,True,1.602922912049062,2.0
16f60477263ab1f4,"CEBPA,FOXA1,SP1",2,seq_127350,1,False,False,False,,,,,,,,,,,,
170ad93c4b76a5fc,"CEBPA,CTCF,SP1",1,seq_137629,-1,True,True,True,4.0,0.10712797652304218,8.0,11.711631001912457,0.0,0.960222546778097,0.16642426910656716,1.0,1.0,True,1.0,1.0
174d915bc80be07a,"AP1,PPARA,TFAP2C",2,seq_150626,-1,False,False,False,,,,,,,,,,,,
17516d517bbe79f1,"GABPA,HNF4A,REST",1,seq_182623,1,True,True,False,2.0,0.08556029329005868,9.0,10.695414468086458,0.0,0.7174309219855903,0.0,1.0,1.0,True,1.0,1.0
17b73e01e5eacf4c,"ONECUT1,REST,RXRA",2,seq_145334,-1,False,False,False,,,,,,,,,,,,
17de0640fb379ab9,"AHR,AP1,SP1",1,seq_139837,-1,False,False,False,,,,,,,,,,,,
17f5ab7fd438b645,"CEBPA,FOXA1,RXRA",2,seq_124368,1,False,False,False,,,,,,,,,,,,
184b1f4e42d02dcd,"CEBPA,SP1,TFAP2C",2,seq_193770,-1,False,False,False,,,,,,,,,,,,
1867ca5ca52398dc,"AP1,AP1,ONECUT1",1,seq_148101,-1,False,False,False,,,,,,,,,,,,
1872136d496853f4,"ONECUT1,ONECUT1,TFAP2C",2,seq_143354,1,False,False,False,,,,,,,,,,,,
188a35dec7ba3274,"CTCF,NR2F2,XBP1",2,seq_200996,1,False,False,False,,,,,,,,,,,,
18ac2c202d132687,"AHR,CEBPA,PPARA",1,seq_130149,1,True,False,False,1.0,0.013727808067353024,20.0,20.0,0.0,0.0,0.0,1.0,1.0,True,1.0,1.0
18c7df90b9f4fb44,"CEBPA,FOXA1,SP1",2,seq_122730,1,False,False,False,,,,,,,,,,,,
193c11171500cbe0,"AP1,HNF1A,SP1",1,seq_149875,1,False,False,False,,,,,,,,,,,,
194bd5a6b7349d3b,"AHR,CTCF,ONECUT1",2,seq_146492,-1,False,False,False,,,,,,,,,,,,
198f6760883f9188,"HNF4A,HNF4A,RXRA",2,seq_153844,-1,False,True,False,,,,,,,,,,,,
19b2a4b1dd314e69,"RXRA,SP1,YY1",1,seq_157305,-1,True,True,True,2.0,0.021966072784046053,17.0,18.754337394594913,0.0,0.9999999999999999,0.9999999999999999,1.0,1.0,True,1.0,1.0
19b81e9854cc873f,"FOXA1,ONECUT1,XBP1",1,seq_123773,-1,False,False,False,,,,,,,,,,,,
19e6ed0902b1c764,"CEBPA,FOXA1,XBP1",1,seq_127565,1,False,False,False,,,,,,,,,,,,
1a36a4891eede9c2,"CEBPA,RXRA,SP1",1,seq_129301,1,False,True,False,,,,,,,,,,,,
1a5cc1dddf2d3a3f,"CEBPA,FOXA1,YY1",1,seq_132205,-1,False,True,False,,,,,,,,,,,,
1a79f73c214885f8,"HNF4A,ONECUT1,RXRA",2,seq_153020,-1,False,False,False,,,,,,,,,,,,
1ace51c09b8448f9,"ONECUT1,REST,RXRA",1,seq_158001,-1,False,False,False,,,,,,,,,,,,
1b34c20ec577f64d,"CEBPA,FOXA1,SP1",1,seq_123247,-1,False,False,False,,,,,,,,,,,,
1b3adc832fffd876,"CEBPA,FOXA1,XBP1",1,seq_131915,1,False,False,False,,,,,,,,,,,,
1b4bf4632e6148e1,"RXRA,SP1,YY1",1,seq_134205,1,False,False,False,,,,,,,,,,,,
1ba5de09f39ba3f0,"ONECUT1,ONECUT1,RXRA",2,seq_144012,1,False,False,False,,,,,,,,,,,,
1bc104a4872a336e,"AP1,YY1,YY1",1,seq_147487,-1,True,True,False,1.0,0.034161769118716136,11.0,11.0,0.0,0.0,0.0,1.0,1.0,True,1.0,1.0
1bc2caf401e5ec9c,"AP1,CEBPA,HNF4A",1,seq_129061,-1,False,False,False,,,,,,,,,,,,
1c2ce51c138b1b48,"CEBPA,FOXA1,RXRA",2,seq_156704,-1,False,False,False,,,,,,,,,,,,
1c40673c4f152f13,"AP1,HNF1A,REST",2,seq_150024,1,False,True,True,,,,,,,,,,,,
1cfa2d53730a8210,"AP1,CTCF,TFAP2C",2,seq_199970,1,False,False,False,,,,,,,,,,,,
1d09dc50c46bf5ac,"AHR,GABPA,HNF4A",2,seq_172828,-1,False,False,False,,,,,,,,,,,,
1d11c904ea5979ec,"ONECUT1,PPARA,TFAP2C",2,seq_197016,-1,False,False,False,,,,,,,,,,,,
1d6d918f89353a3f,"AP1,AP1,XBP1",1,seq_151589,-1,False,False,False,,,,,,,,,,,,
1de6187a787fd5d9,"CEBPA,RXRA,SP1",2,seq_139074,-1,False,True,False,,,,,,,,,,,,
1e0401fbd4710593,"AP1,HNF1A,REST",2,seq_180318,1,False,False,False,,,,,,,,,,,,
1e291688cd443e77,"CTCF,RXRA,YY1",2,seq_200332,1,False,False,False,,,,,,,,,,,,
1e50fb4632cf10df,"CEBPA,SP1,TFAP2C",1,seq_137601,-1,True,True,True,1.0,0.01641586086828632,17.0,17.0,0.0,1.0,1.0,1.0,1.0,True,1.0,1.0
1ea6edf00177eff9,"AP1,RXRA,TFAP2C",1,seq_195487,-1,False,False,False,,,,,,,,,,,,
1eedd3fcf69ef860,"AP1,GABPA,XBP1",1,seq_190201,1,False,True,False,,,,,,,,,,,,
2084d00b17862fad,"CTCF,GABPA,HNF4A",2,seq_156348,-1,False,False,False,,,,,,,,,,,,
20b516f6ce6545a2,"AHR,FOXA1,RXRA",1,seq_124505,1,False,False,False,,,,,,,,,,,,
20bf1f4a5ec6ea8e,"AP1,PPARA,TFAP2C",1,seq_197025,-1,False,False,False,,,,,,,,,,,,
2117d2539b96f331,"RXRA,SP1,YY1",1,seq_157569,1,False,True,True,,,,,,,,,,,,
2124a511b0010aa9,"HNF4A,ONECUT1,RXRA",2,seq_153822,-1,False,False,False,,,,,,,,,,,,
21ddb76abba2c14f,"REST,SP1,XBP1",2,seq_183408,-1,False,True,True,,,,,,,,,,,,
224669bf77379a5e,"CEBPA,RXRA,SP1",1,seq_128247,-1,True,False,False,2.0,0.02208997326861519,17.0,18.73614980008194,0.0,0.0,0.0,1.0,1.0,True,1.0,1.0
22797165288cdc12,"ONECUT1,PPARA,TFAP2C",1,seq_197007,1,True,True,True,4.0,0.08387306923671677,11.0,14.108078345075926,0.0,0.44825778737522726,0.32154398105227205,1.0,1.0,True,1.0,1.0
22b74d9c2c640189,"GABPA,RXRA,YY1",2,seq_160510,-1,False,False,False,,,,,,,,,,,,
22f8f4d5fd35f146,"AP1,RXRA,RXRA",2,seq_158736,1,False,False,False,,,,,,,,,,,,
22fa21c00c79cb51,"FOXA1,GABPA,TFAP2C",1,seq_197227,1,False,True,False,,,,,,,,,,,,
2333a1d0f0fcd426,"GABPA,RXRA,YY1",2,seq_136088,1,False,False,False,,,,,,,,,,,,
234fbe2578b5f5ec,"AP1,AP1,PPARA",2,seq_150482,-1,False,False,False,,,,,,,,,,,,
23aec43b15dd512b,"AP1,YY1,YY1",1,seq_132839,-1,True,True,True,2.0,0.08498189905792969,10.0,10.40198877051958,0.0,1.0,0.5980112294804208,1.0,1.0,True,1.0,1.0
23bb81ed1fb0e885,"HNF4A,ONECUT1,RXRA",1,seq_143783,1,False,False,False,,,,,,,,,,,,
2412b61360013883,"ONECUT1,REST,TFAP2C",1,seq_182873,1,False,False,False,,,,,,,,,,,,
248e506653d38b1a,"CEBPA,FOXA1,YY1",1,seq_132473,-1,False,True,False,,,,,,,,,,,,
24c3ce7bbceaf374,"FOXA1,HNF4A,REST",2,seq_151986,1,False,False,False,,,,,,,,,,,,
254e571132610504,"CEBPA,REST,RXRA",1,seq_157165,1,False,True,False,,,,,,,,,,,,
2590d02dcced9559,"AHR,CTCF,ONECUT1",1,seq_144905,-1,False,False,False,,,,,,,,,,,,
25ec1f4f86740386,"ONECUT1,RXRA,SP1",2,seq_144004,1,False,False,False,,,,,,,,,,,,
262c7a1ddf9ce94d,"AHR,FOXA1,RXRA",2,seq_169054,-1,False,False,False,,,,,,,,,,,,
2699c20dfe47b3cd,"REST,SP1,XBP1",1,seq_141895,-1,True,True,True,4.0,0.09624063176103209,8.0,11.701164020172547,0.0,1.0,0.1477494559664551,1.0,1.0,True,1.0,1.0
2787b979421c152d,"FOXA1,ONECUT1,ONECUT1",1,seq_143111,-1,False,False,False,,,,,,,,,,,,
27988614c7fcde80,"CTCF,REST,TFAP2C",1,seq_196905,1,False,False,False,,,,,,,,,,,,
27de124d3df8ccb8,"AHR,CTCF,HNF4A",1,seq_201093,-1,False,False,False,,,,,,,,,,,,
27f88b98b755f83f,"AHR,FOXA1,FOXA1",2,seq_122542,-1,False,False,False,,,,,,,,,,,,
284524d956669a0a,"HNF1A,NR2F2,REST",1,seq_177199,-1,False,False,False,,,,,,,,,,,,
2849db094eb62d69,"GABPA,HNF4A,YY1",1,seq_136073,-1,False,False,False,,,,,,,,,,,,
28afc28829ed2146,"PPARA,RXRA,RXRA",1,seq_160307,1,True,True,False,4.0,0.07657105697935032,11.0,14.77099469079756,0.0,0.622193478445854,0.0,1.0,1.0,True,1.0,1.0
28c74680895ae8c4,"GABPA,TFAP2C,XBP1",2,seq_192876,1,False,False,False,,,,,,,,,,,,
28e760d8a3de9b19,"AHR,AP1,AP1",2,seq_149638,-1,False,False,False,,,,,,,,,,,,
28ec7a77a696b130,"CEBPA,REST,RXRA",1,seq_159923,1,False,False,False,,,,,,,,,,,,
2919549b256493b7,"CTCF,NR2F2,XBP1",1,seq_205867,1,False,True,False,,,,,,,,,,,,
292402989f945c56,"CTCF,GABPA,HNF4A",2,seq_202222,1,False,True,True,,,,,,,,,,,,
2986708421a5facd,"CTCF,HNF1A,RXRA",1,seq_178293,-1,False,True,False,,,,,,,,,,,,
29b96942220f26b3,"AP1,PPARA,TFAP2C",2,seq_197030,1,False,False,False,,,,,,,,,,,,
29ff9aa1407d2dff,"RXRA,RXRA,TFAP2C",1,seq_158881,-1,False,False,False,,,,,,,,,,,,
2a6b2753d4abdccb,"AP1,HNF1A,SP1",2,seq_175298,-1,False,True,False,,,,,,,,,,,,
2aa14ea55928858a,"RXRA,RXRA,SP1",1,seq_139165,-1,False,False,False,,,,,,,,,,,,
2c2b11dcada5b98b,"AHR,CTCF,TFAP2C",1,seq_201241,-1,False,False,False,,,,,,,,,,,,
2c384a453f3faa16,"CTCF,GABPA,HNF4A",2,seq_192982,1,False,False,False,,,,,,,,,,,,
2c6e29c0fb1c041c,"CEBPA,FOXA1,GABPA",2,seq_122898,-1,False,False,False,,,,,,,,,,,,
2c92053fd87e59da,"GABPA,HNF4A,REST",2,seq_190408,-1,False,False,False,,,,,,,,,,,,
2ccaa8a258f2a3af,"AHR,REST,SP1",2,seq_181448,-1,False,False,False,,,,,,,,,,,,
2cd863cb51d60a37,"GABPA,HNF4A,PPARA",2,seq_155506,1,False,False,False,,,,,,,,,,,,
2d38a4ee1e6a42b8,"AHR,CTCF,HNF4A",1,seq_200169,-1,True,True,True,1.0,0.010362254810052254,22.0,22.0,0.0,1.0,1.0,1.0,1.0,True,1.0,1.0
2dae60594325fbb2,"AP1,HNF1A,REST",2,seq_177144,1,False,True,False,,,,,,,,,,,,
2db654a64969d8e8,"AHR,SP1,TFAP2C",2,seq_170010,-1,False,True,False,,,,,,,,,,,,
2dc78af677dd957a,"CEBPA,FOXA1,TFAP2C",2,seq_193460,-1,False,False,False,,,,,,,,,,,,
2e6498058cc696cb,"CEBPA,FOXA1,TFAP2C",1,seq_193465,-1,False,False,False,,,,,,,,,,,,
2f665f2af2b2966b,"AHR,CTCF,HNF4A",2,seq_201106,-1,False,False,False,,,,,,,,,,,,
2fc056c11d2f28b1,"CEBPA,SP1,TFAP2C",2,seq_141174,1,False,False,False,,,,,,,,,,,,
2fdb2b67a36c973e,"RXRA,TFAP2C,YY1",2,seq_134388,-1,False,False,False,,,,,,,,,,,,
300db2287a7687b1,"ONECUT1,ONECUT1,RXRA",1,seq_144021,1,True,True,True,1.0,0.01459690104234627,19.0,19.0,0.0,1.0,1.0,1.0,1.0,True,1.0,1.0
30b29c950c071324,"CTCF,HNF1A,RXRA",1,seq_200479,1,False,False,False,,,,,,,,,,,,
3158b5e80b80222b,"RXRA,TFAP2C,YY1",1,seq_136371,-1,False,True,True,,,,,,,,,,,,
315e85646cf62698,"CEBPA,REST,RXRA",2,seq_157152,-1,False,False,False,,,,,,,,,,,,
31d9e455f9b03cf8,"AP1,PPARA,TFAP2C",1,seq_187777,-1,True,True,True,4.0,0.10151550517733997,11.0,12.590477882564215,0.0,0.9999999999999999,0.9999999999999999,1.0,1.0,True,1.0,1.0
326b142f34d46970,"FOXA1,ONECUT1,PPARA",2,seq_184758,1,False,False,False,,,,,,,,,,,,
327fe931220a2a26,"AHR,GABPA,HNF4A",1,seq_170841,1,False,True,False,,,,,,,,,,,,
328ebed71cb1da0c,"GABPA,HNF4A,PPARA",1,seq_190431,-1,True,True,True,6.0,0.1631884250196417,9.0,12.548081472062242,0.19897036436765334,0.20998864082785243,0.10110888727903879,2.0,2.0,True,1.7165405650129943,2.0
32b58f028addbe16,"CEBPA,REST,RXRA",2,seq_180722,1,False,False,False,,,,,,,,,,,,
32f6436cea6bc704,"CEBPA,FOXA1,YY1",2,seq_132482,1,False,True,False,,,,,,,,,,,,
32ffa5e6d712107b,"AHR,TFAP2C,TFAP2C",1,seq_197661,-1,False,False,False,,,,,,,,,,,,
33d334a50b5ce2b3,"HNF4A,TFAP2C,TFAP2C",2,seq_156092,1,False,False,False,,,,,,,,,,,,
340c067c2380183b,"AHR,TFAP2C,YY1",2,seq_136412,-1,False,False,False,,,,,,,,,,,,
344c7c628a61e6de,"AHR,HNF1A,RXRA",1,seq_176617,-1,False,False,False,,,,,,,,,,,,
3456e31ee7dfb744,"AP1,RXRA,TFAP2C",1,seq_160841,1,True,False,False,1.0,0.013959327716392212,14.0,14.0,0.0,0.0,0.0,1.0,1.0,True,1.0,1.0
347d03329b368a40,"AP1,PPARA,TFAP2C",1,seq_150619,1,False,True,False,,,,,,,,,,,,
3494702902d01c1a,"FOXA1,FOXA1,SP1",2,seq_122442,-1,False,False,False,,,,,,,,,,,,
3496005b2323af9c,"CEBPA,TFAP2C,TFAP2C",2,seq_193964,-1,False,False,False,,,,,,,,,,,,
34b84dd037d4cbb3,"ONECUT1,XBP1,YY1",2,seq_204402,1,False,False,False,,,,,,,,,,,,
34e45b7ebbee6700,"AHR,CEBPA,NR2F2",2,seq_164470,1,False,False,False,,,,,,,,,,,,
35a6a8c8d42febdf,"CEBPA,CTCF,SP1",1,seq_198667,-1,True,True,True,2.0,0.08503800325442698,8.0,9.886900569188303,0.0,0.9999999999999999,0.7903443812012996,1.0,1.0,True,1.0,1.0
361836f767ed680a,"AP1,AP1,YY1",2,seq_133674,-1,False,False,False,,,,,,,,,,,,
3631cdaa1251147d,"CEBPA,CTCF,SP1",2,seq_131680,-1,False,False,False,,,,,,,,,,,,
369489f3a2628c35,"GABPA,GABPA,XBP1",1,seq_193377,1,False,False,False,,,,,,,,,,,,
36b930a5f11956bb,"AHR,TFAP2C,TFAP2C",1,seq_173241,-1,False,False,False,,,,,,,,,,,,
3716890b17d50cc7,"AP1,CTCF,TFAP2C",2,seq_151462,1,False,False,False,,,,,,,,,,,,
378019a53680371a,"AP1,PPARA,TFAP2C",2,seq_187784,-1,False,False,False,,,,,,,,,,,,
378a978b525f580a,"CEBPA,RXRA,SP1",2,seq_157022,-1,False,False,False,,,,,,,,,,,,
378faa0548717e0e,"CEBPA,REST,RXRA",2,seq_130628,-1,False,False,False,,,,,,,,,,,,
37994537a2547af5,"CTCF,HNF4A,NR2F2",2,seq_200818,1,False,False,False,,,,,,,,,,,,
37b9c38d11661f06,"REST,YY1,YY1",1,seq_179337,1,True,True,False,1.0,0.030516756006488326,15.0,15.0,0.0,1.0,0.0,1.0,1.0,True,1.0,1.0
37c44d432fe4d321,"HNF4A,REST,YY1",2,seq_134062,1,False,False,False,,,,,,,,,,,,
37facc4949e0f0b1,"REST,SP1,XBP1",1,seq_140581,1,True,True,True,4.0,0.09624063176103209,8.0,11.701164020172547,0.0,0.8974181467416326,0.8974181467416326,1.0,1.0,True,1.0,1.0
3840a6bd576dd27e,"CEBPA,FOXA1,TFAP2C",2,seq_127528,-1,False,False,False,,,,,,,,,,,,
384283062e5a499d,"AHR,TFAP2C,TFAP2C",1,seq_196333,-1,False,True,True,,,,,,,,,,,,
38591f8d572a8bc3,"ONECUT1,REST,TFAP2C",2,seq_182874,1,False,False,False,,,,,,,,,,,,
386d12670f218c8b,"AP1,YY1,YY1",2,seq_132840,-1,False,True,False,,,,,,,,,,,,
38b35b36ff19b6a3,"RXRA,SP1,YY1",1,seq_137771,1,False,False,False,,,,,,,,,,,,
3956587a08758dca,"CEBPA,FOXA1,TFAP2C",2,seq_122906,-1,False,False,False,,,,,,,,,,,,
3958ddb2bd121e15,"AP1,CTCF,TFAP2C",1,seq_202481,1,False,False,False,,,,,,,,,,,,
39ab24bbaab17ee1,"AHR,HNF1A,RXRA",2,seq_159526,1,False,False,False,,,,,,,,,,,,
39e93c1e96267464,"ONECUT1,REST,TFAP2C",1,seq_145453,1,False,False,False,,,,,,,,,,,,
3aef785d05a1b2e5,"CEBPA,FOXA1,GABPA",1,seq_188821,1,False,True,False,,,,,,,,,,,,
3b5517846419cd45,"FOXA1,GABPA,TFAP2C",1,seq_193657,1,False,False,False,,,,,,,,,,,,
3b8b2358da655269,"CEBPA,FOXA1,YY1",1,seq_122973,-1,False,True,False,,,,,,,,,,,,
3bbbf7c74bd84998,"ONECUT1,RXRA,SP1",1,seq_143995,-1,False,False,False,,,,,,,,,,,,
3c1c5cedc8c18407,"AHR,HNF1A,NR2F2",2,seq_166868,1,False,False,False,,,,,,,,,,,,
3c209d88b8d0ddc1,"ONECUT1,RXRA,SP1",1,seq_139121,1,True,True,True,1.0,0.018112482494301495,17.0,17.0,0.0,1.0,1.0,1.0,1.0,True,1.0,1.0
3c3851ed18e39491,"AP1,GABPA,XBP1",2,seq_190212,1,False,False,False,,,,,,,,,,,,
3c62e3e7da99f526,"RXRA,RXRA,SP1",1,seq_158703,1,False,True,False,,,,,,,,,,,,
3c84c4aad4e023ce,"CEBPA,CTCF,SP1",2,seq_199202,-1,False,False,False,,,,,,,,,,,,
3cb910c416f59776,"RXRA,TFAP2C,YY1",2,seq_157488,1,False,False,False,,,,,,,,,,,,
3cc3e20ef2fba570,"GABPA,HNF4A,YY1",1,seq_155599,1,False,False,False,,,,,,,,,,,,
3d40b0d116164371,"AP1,PPARA,TFAP2C",2,seq_151158,1,False,False,False,,,,,,,,,,,,
3dd311db4352c1e1,"FOXA1,ONECUT1,PPARA",1,seq_142197,1,True,True,False,2.0,0.06066423526014631,11.0,12.970012764812047,0.0,1.0,0.0,1.0,1.0,True,1.0,1.0
3de6c4358d93c00c,"CEBPA,GABPA,NR2F2",2,seq_188968,-1,False,False,False,,,,,,,,,,,,
3e65ada341a099f4,"HNF1A,YY1,YY1",2,seq_132930,1,False,False,False,,,,,,,,,,,,
3ea33bc66d91df3a,"ONECUT1,PPARA,TFAP2C",2,seq_146254,-1,False,False,False,,,,,,,,,,,,
3ed675ed2d1407a9,"CEBPA,RXRA,SP1",2,seq_129306,-1,False,True,False,,,,,,,,,,,,
3f1f849c240c01d1,"REST,SP1,XBP1",2,seq_140582,1,False,False,False,,,,,,,,,,,,
3f76a9e60f63db21,"CEBPA,FOXA1,XBP1",2,seq_203264,1,False,True,False,,,,,,,,,,,,
3feb9cffb5f81f33,"PPARA,RXRA,SP1",2,seq_139260,1,False,False,False,,,,,,,,,,,,
3ff2cbf5aa915cab,"AP1,AP1,XBP1",1,seq_148563,-1,False,False,False,,,,,,,,,,,,
405775fa787d4b57,"GABPA,RXRA,YY1",1,seq_160501,1,False,False,False,,,,,,,,,,,,
4088b75ba98dc292,"CEBPA,FOXA1,SP1",2,seq_137110,1,False,False,False,,,,,,,,,,,,
40af577b34f4ac8c,"GABPA,GABPA,TFAP2C",1,seq_197447,-1,False,False,False,,,,,,,,,,,,
41364dfd27531fd9,"GABPA,HNF4A,PPARA",2,seq_190428,-1,False,False,False,,,,,,,,,,,,
41715bd27f65d6a2,"ONECUT1,REST,RXRA",2,seq_179976,1,False,False,False,,,,,,,,,,,,
4177d63a680b74b5,"ONECUT1,REST,RXRA",2,seq_144136,1,False,False,False,,,,,,,,,,,,
417c15702b1ad328,"ONECUT1,RXRA,SP1",1,seq_157591,-1,False,False,False,,,,,,,,,,,,
417e3659bfd55710,"AHR,CTCF,HNF4A",1,seq_156279,1,False,False,False,,,,,,,,,,,,
421d3ddf9c11e431,"AHR,GABPA,HNF4A",2,seq_155730,1,False,False,False,,,,,,,,,,,,
424e496c6c4ff047,"CEBPA,FOXA1,XBP1",1,seq_127025,1,True,True,True,2.0,0.010467671011169098,24.0,25.813752173503605,0.0,1.0,0.7984719807218217,1.0,1.0,True,1.0,1.0
426824968c98e9ac,"FOXA1,HNF4A,REST",1,seq_180431,-1,False,True,False,,,,,,,,,,,,
43150b2853049106,"CEBPA,SP1,TFAP2C",2,seq_131404,1,False,False,False,,,,,,,,,,,,
436e5dac9a87ec9a,"AP1,RXRA,TFAP2C",1,seq_151065,-1,False,True,True,,,,,,,,,,,,
43aeb5e84d8c596f,"CEBPA,FOXA1,XBP1",2,seq_127554,-1,False,False,False,,,,,,,,,,,,
43da2d173993475f,"CTCF,HNF4A,NR2F2",2,seq_156266,-1,False,False,False,,,,,,,,,,,,
445cf13bd81dd01e,"GABPA,HNF4A,PPARA",1,seq_155511,-1,False,False,False,,,,,,,,,,,,
4535cb68908c69d6,"GABPA,GABPA,HNF4A",2,seq_190442,1,False,False,False,,,,,,,,,,,,
454bed1a114bb5a8,"AHR,REST,SP1",2,seq_139932,-1,False,False,False,,,,,,,,,,,,
45520d57cee1220d,"CEBPA,SP1,TFAP2C",1,seq_131399,-1,True,True,True,1.0,0.06483587280197205,8.0,8.0,0.0,1.0,1.0,1.0,1.0,True,1.0,1.0
4552c8d6de272342,"ONECUT1,REST,TFAP2C",1,seq_146237,1,False,False,False,,,,,,,,,,,,
455aba3f5bb00842,"FOXA1,NR2F2,TFAP2C",2,seq_126590,1,False,True,False,,,,,,,,,,,,
458e656afbf22575,"CEBPA,RXRA,SP1",2,seq_157548,1,False,False,False,,,,,,,,,,,,
45be0bf376ef498b,"CTCF,HNF4A,ONECUT1",1,seq_143927,-1,False,False,False,,,,,,,,,,,,
45e4563667cad849,"CEBPA,FOXA1,SP1",2,seq_137378,-1,False,False,False,,,,,,,,,,,,
45f0af7f127bbaed,"CEBPA,CTCF,SP1",1,seq_199197,-1,False,False,False,,,,,,,,,,,,
46295d3de684e894,"GABPA,HNF4A,REST",2,seq_182628,1,False,False,False,,,,,,,,,,,,
4646835b93bd7d8f,"AP1,HNF1A,REST",1,seq_150013,-1,False,False,False,,,,,,,,,,,,
46474043c9053bc5,"AP1,AP1,ONECUT1",2,seq_143472,1,False,False,False,,,,,,,,,,,,
474dd8a2185c5899,"CEBPA,GABPA,ONECUT1",2,seq_128634,-1,False,False,False,,,,,,,,,,,,
478e27342cd0808e,"ONECUT1,YY1,YY1",1,seq_133347,-1,True,True,True,5.0,0.13752879622945702,10.0,12.321241673564574,0.216425214149421,0.09528658630665625,0.09528658630665625,2.0,2.0,True,1.7496762840317228,2.0
47db655adc3d32c4,"HNF4A,SP1,YY1",1,seq_138813,1,False,False,False,,,,,,,,,,,,
47dd02aefc2e917a,"HNF4A,SP1,YY1",1,seq_152665,-1,True,True,True,2.0,0.08581106309457953,8.0,9.899665807298575,0.0,1.0,1.0,1.0,1.0,True,1.0,1.0
480ec00a5dd18859,"CEBPA,HNF1A,XBP1",2,seq_132086,-1,False,True,False,,,,,,,,,,,,
4828da9f21cf839d,"AP1,AP1,YY1",2,seq_148324,-1,False,False,False,,,,,,,,,,,,
48614f386f099977,"FOXA1,ONECUT1,XBP1",1,seq_146609,1,True,False,False,1.0,0.008498299924295908,24.0,24.0,0.0,0.0,0.0,1.0,1.0,True,1.0,1.0
4889698bbadd1313,"CEBPA,FOXA1,XBP1",2,seq_203530,1,False,False,False,,,,,,,,,,,,
49063e431f256d0d,"GABPA,RXRA,YY1",2,seq_189214,-1,False,False,False,,,,,,,,,,,,
492659287f56dece,"CTCF,FOXA1,TFAP2C",2,seq_126704,-1,False,False,False,,,,,,,,,,,,
4931a833597f150b,"FOXA1,ONECUT1,ONECUT1",2,seq_123584,-1,False,True,False,,,,,,,,,,,,
495b332a8ff699bb,"AHR,REST,SP1",2,seq_179742,-1,False,True,False,,,,,,,,,,,,
49756b81f7ad6089,"FOXA1,FOXA1,HNF4A",2,seq_122494,-1,False,True,False,,,,,,,,,,,,
49b48dfa3df9e67e,"AP1,GABPA,XBP1",1,seq_193245,-1,False,False,False,,,,,,,,,,,,
49bf372de3f0c22a,"AHR,GABPA,HNF4A",2,seq_154670,-1,False,False,False,,,,,,,,,,,,
4aa21710f6ba4272,"HNF4A,REST,YY1",1,seq_152537,1,False,False,False,,,,,,,,,,,,
4ab3f45e9313f4e1,"CTCF,HNF4A,ONECUT1",2,seq_153166,1,False,False,False,,,,,,,,,,,,
4b1ef119c32b0ff3,"AHR,REST,SP1",2,seq_172218,1,False,False,False,,,,,,,,,,,,
4b6684e51d0a1f93,"HNF1A,NR2F2,YY1",1,seq_135275,1,False,True,False,,,,,,,,,,,,
4b7407d254669462,"REST,YY1,YY1",2,seq_179336,1,False,False,False,,,,,,,,,,,,
4c2426d8f1f456d1,"ONECUT1,YY1,YY1",2,seq_142590,1,False,False,False,,,,,,,,,,,,
4c7c5eb77b09fd41,"GABPA,GABPA,XBP1",2,seq_207244,1,False,True,False,,,,,,,,,,,,
4cec2d85eb63e2d7,"AHR,REST,SP1",1,seq_172207,1,True,True,False,2.0,0.03609647667865475,15.0,16.916697447005944,0.0,0.9999999999999999,0.0,1.0,1.0,True,1.0,1.0
4d1a3f7b90df5431,"RXRA,SP1,YY1",1,seq_133149,1,True,True,True,5.0,0.11979463513783942,8.0,12.60507602087963,0.10789183013982985,1.0,0.8820228785870632,2.0,2.0,True,1.3121755607081622,2.0
4ed1a62304532ee5,"RXRA,RXRA,SP1",1,seq_157643,1,True,True,True,2.0,0.02208997326861519,17.0,18.73614980008194,0.0,1.0,0.19290553334243796,1.0,1.0,True,1.0,1.0
4ef761f0d2b2af91,"ONECUT1,PPARA,TFAP2C",1,seq_187771,1,False,False,False,,,,,,,,,,,,
4f0fc724a767f8c4,"AHR,FOXA1,RXRA",2,seq_170912,1,False,True,False,,,,,,,,,,,,
4f14f7235237895e,"FOXA1,ONECUT1,XBP1",1,seq_127079,-1,False,False,False,,,,,,,,,,,,
4f18841dad966ede,"AP1,CTCF,TFAP2C",1,seq_151467,-1,False,False,False,,,,,,,,,,,,
4f19be063c7bfa32,"CTCF,HNF4A,ONECUT1",1,seq_146429,1,True,False,False,1.0,0.014364806778973992,19.0,19.0,0.0,0.0,0.0,1.0,1.0,True,1.0,1.0
4fb322d52dec2531,"FOXA1,GABPA,YY1",1,seq_135977,1,False,True,False,,,,,,,,,,,,
501e953bef375f3b,"CTCF,RXRA,YY1",1,seq_134407,-1,False,False,False,,,,,,,,,,,,
5034f70b8aab4ecf,"GABPA,GABPA,TFAP2C",2,seq_192816,-1,False,False,False,,,,,,,,,,,,
504ac32f8041c022,"AP1,RXRA,YY1",2,seq_157334,1,False,False,False,,,,,,,,,,,,
